Time,Long_Dist_L1_F1,Long_Dist_F1_F2,Lat_Dist_L1_F1,Lat_Dist_F1_F2,Long_Vel_Diff_L1_F1,Long_Vel_Diff_F1_F2,Lat_Vel_Diff_L1_F1,Lat_Vel_Diff_F1_F2
2.859048843383789062e-01,0.000000000000000000e+00,0.000000000000000000e+00,0.000000000000000000e+00,0.000000000000000000e+00,0.000000000000000000e+00,0.000000000000000000e+00,0.000000000000000000e+00,0.000000000000000000e+00
6.116037368774414062e-01,0.000000000000000000e+00,0.000000000000000000e+00,0.000000000000000000e+00,0.000000000000000000e+00,0.000000000000000000e+00,0.000000000000000000e+00,0.000000000000000000e+00,0.000000000000000000e+00
7.003557682037353516e-01,0.000000000000000000e+00,0.000000000000000000e+00,0.000000000000000000e+00,0.000000000000000000e+00,0.000000000000000000e+00,0.000000000000000000e+00,0.000000000000000000e+00,0.000000000000000000e+00
8.003311157226562500e-01,0.000000000000000000e+00,0.000000000000000000e+00,0.000000000000000000e+00,0.000000000000000000e+00,0.000000000000000000e+00,0.000000000000000000e+00,0.000000000000000000e+00,0.000000000000000000e+00
9.003901481628417969e-01,0.000000000000000000e+00,0.000000000000000000e+00,0.000000000000000000e+00,0.000000000000000000e+00,0.000000000000000000e+00,0.000000000000000000e+00,0.000000000000000000e+00,0.000000000000000000e+00
1.000380277633666992e+00,0.000000000000000000e+00,0.000000000000000000e+00,0.000000000000000000e+00,0.000000000000000000e+00,0.000000000000000000e+00,0.000000000000000000e+00,0.000000000000000000e+00,0.000000000000000000e+00
1.100359916687011719e+00,0.000000000000000000e+00,0.000000000000000000e+00,0.000000000000000000e+00,0.000000000000000000e+00,0.000000000000000000e+00,0.000000000000000000e+00,0.000000000000000000e+00,0.000000000000000000e+00
1.200480461120605469e+00,1.099999436077790449e+01,0.000000000000000000e+00,1.000241924242876723e-01,0.000000000000000000e+00,4.333062129847805162e-05,0.000000000000000000e+00,-6.756007948362308833e-06,0.000000000000000000e+00
1.300278902053833008e+00,1.099999436077790449e+01,0.000000000000000000e+00,1.000241924242876723e-01,0.000000000000000000e+00,4.333062129847805162e-05,0.000000000000000000e+00,-6.756007948362308833e-06,0.000000000000000000e+00
1.400199651718139648e+00,1.099999436077790449e+01,0.000000000000000000e+00,1.000241924242876723e-01,0.000000000000000000e+00,4.333062129847805162e-05,0.000000000000000000e+00,-6.756007948362308833e-06,0.000000000000000000e+00
1.500288486480712891e+00,1.099999436077790449e+01,0.000000000000000000e+00,1.000241924242876723e-01,0.000000000000000000e+00,4.333062129847805162e-05,0.000000000000000000e+00,-6.756007948362308833e-06,0.000000000000000000e+00
1.600356578826904297e+00,-1.000006187628178500e+00,1.199999436077614412e+01,-2.106889741348502867e-06,1.000260685523291504e-01,4.144832819571677194e-05,4.333062129847811261e-05,1.276126807444461366e-06,-6.756007948417509123e-06
1.700561761856079102e+00,-1.009872213940852470e+00,1.199998812746951238e+01,1.131054939001992985e-04,1.000317739231704195e-01,9.963906803633774956e-02,8.477895257915838258e-05,-1.879455088782281273e-05,-5.479861351765405149e-06
1.800340414047241211e+00,-1.009872213940852470e+00,1.199998812746951238e+01,1.131054939001992985e-04,1.000317739231704195e-01,9.963906803633774956e-02,8.477895257915838258e-05,-1.879455088782281273e-05,-5.479861351765405149e-06
1.900408029556274414e+00,-1.009872213940852470e+00,1.199998812746951238e+01,1.131054939001992985e-04,1.000317739231704195e-01,9.963906803633774956e-02,8.477895257915838258e-05,-1.879455088782281273e-05,-5.479861351765405149e-06
2.000393629074096680e+00,-1.029723871161549509e+00,-1.000016562684590715e+00,2.392972774078284753e-04,-1.598936870003310811e-06,1.995702733905822257e-01,8.248346344650194872e-05,-5.696811380668899481e-05,2.275280528584394856e-06
2.100338220596313477e+00,-1.056049177167725839e+00,-1.000024861791729558e+00,-2.874345855786276417e-03,-1.095981662337327845e-06,2.498465109173192977e-01,8.158968856570015225e-05,5.235629494280568839e-04,1.856223086931923230e-06
2.200469493865966797e+00,-1.080426795311715926e+00,-1.001979180167007044e+00,-1.196908936244967490e-02,9.750462040861060676e-07,2.322446679880171005e-01,1.913482116395802402e-02,2.270865447567903261e-03,1.211246670286514652e-06
2.300330400466918945e+00,-1.103958389617360369e+00,-1.004729624314410596e+00,-2.719292814109246573e-02,-2.507002091848164365e-05,2.254298749445396155e-01,2.752802654392214055e-02,5.188398759680688463e-03,1.539498892333432024e-06
2.400186777114868164e+00,-1.124701577997716972e+00,-1.009613098028177669e+00,-4.877203567372648263e-02,-1.014606408490220635e-04,2.089016020539150309e-01,4.892089544901272874e-02,9.080723242952299518e-03,5.430500316131544022e-06
2.500303268432617188e+00,-1.143206809144748037e+00,-1.015438019980389406e+00,-7.269829863870543030e-02,-2.754729596791085007e-04,1.966079323686185376e-01,5.827266687826691133e-02,1.327307446697363093e-02,1.699304374356924737e-05
2.628006696701049805e+00,-1.143206809144748037e+00,-1.015438019980389406e+00,-7.269829863870543030e-02,-2.754729596791085007e-04,1.966079323686185376e-01,5.827266687826691133e-02,1.327307446697363093e-02,1.699304374356924737e-05
2.715756416320800781e+00,-1.158797195674445835e+00,-1.023319350359146007e+00,-9.272525863981673222e-02,-5.946239284310870718e-04,1.699434514978161448e-01,7.856477952432777689e-02,1.467555424538428618e-02,4.691649124203696014e-05
2.800175905227661133e+00,-1.182784365183916053e+00,-1.045536824230595796e+00,-1.312798457711709110e-01,-1.852028315438876763e-03,1.271210326212942610e-01,1.055177408874044265e-01,1.566510346516115926e-02,1.980595191201383373e-04
2.900202035903930664e+00,-1.191781935021312133e+00,-1.058866526516668571e+00,-1.467235788404620267e-01,-2.852638410411471957e-03,1.084839684857688696e-01,1.336867339922640785e-01,1.477272756592938087e-02,3.722941313534657124e-04
3.000400304794311523e+00,-1.219114289652786232e+00,-1.058866526516668571e+00,-1.617937084612696697e-01,-2.852638410411471957e-03,1.156062102485001936e-01,1.336867339922640785e-01,1.720312091482573483e-02,3.722941313534657124e-04
3.100536584854125977e+00,-1.219114289652786232e+00,-1.058866526516668571e+00,-1.617937084612696697e-01,-2.852638410411471957e-03,1.156062102485001936e-01,1.336867339922640785e-01,1.720312091482573483e-02,3.722941313534657124e-04
3.200447559356689453e+00,-1.234807507723036712e+00,-1.083151629906217828e+00,-1.778834269140376623e-01,-5.274070483686076928e-03,8.555766277193874170e-02,1.288881076326147401e-01,1.426440020152515940e-02,6.598730102942558474e-04
3.300369024276733398e+00,-1.242102378688709097e+00,-1.092595540070134374e+00,-1.794548169163835694e-01,-6.822515208630195935e-03,7.605564779064907799e-02,9.454872288521046220e-02,1.361188904432904766e-02,6.358015474160892038e-04
3.406003713607788086e+00,-1.242102378688709097e+00,-1.092595540070134374e+00,-1.794548169163835694e-01,-6.822515208630195935e-03,7.605564779064907799e-02,9.454872288521046220e-02,1.361188904432904766e-02,6.358015474160892038e-04
3.500855207443237305e+00,-1.254581329886776730e+00,-1.113132372636737477e+00,-1.743106009513529786e-01,-1.056061634859461161e-02,5.417946650803912023e-02,8.740690570009654325e-02,9.508993686697114409e-03,9.068715299085686968e-04
3.600242614746093750e+00,-1.258755651085615490e+00,-1.124355154673575496e+00,-1.686283917437834123e-01,-1.333657124347985973e-02,3.236588719204511189e-02,1.125577622477674927e-01,4.959284756147638862e-03,1.464172708006193299e-03
3.700310468673706055e+00,-1.262291195761503726e+00,-1.132381107476686077e+00,-1.604377255639437005e-01,-1.623696253637683246e-02,2.646757222044113234e-02,8.065233419887993249e-02,4.408716085544040625e-03,1.285886326885273163e-03
3.800274610519409180e+00,-1.264143052501541575e+00,-1.142208526049457440e+00,-1.512469837338653311e-01,-1.929422584981090733e-02,8.653934120219215070e-03,9.877306143421214768e-02,1.225840988531925763e-03,1.868080277403093813e-03
3.900270938873291016e+00,-1.234096534210049612e+00,-1.148897403738440293e+00,-1.468974749259241153e-01,-2.241256418091521277e-02,1.219543394575830142e-03,6.748189293502093733e-02,-8.742172567457751889e-06,1.500281334070053749e-03
4.000443458557128906e+00,-1.234669835607481447e+00,-1.155651262851477235e+00,-1.384250479848246340e-01,-2.543247908970201754e-02,-2.027102591553415871e-03,6.820207116118212620e-02,-4.935355493192071161e-04,1.723533050197807682e-03
4.100177288055419922e+00,-1.234080098750740984e+00,-1.160571914241352198e+00,-1.294438572028818180e-01,-2.855257092093846025e-02,-1.365701152991733586e-02,4.998725055594415573e-02,-2.378545914310757452e-03,1.439320858673037414e-03
4.200290679931640625e+00,-1.233258048963856934e+00,-1.164825587849036559e+00,-1.206642723449656701e-01,-3.161408509940352024e-02,-1.543201681788628800e-02,4.369675330302708743e-02,-2.410910718866906156e-03,1.347398060501882886e-03
4.300379276275634766e+00,-1.231525771620006093e+00,-1.168103684150310517e+00,-1.122501836394124292e-01,-3.455853714296182322e-02,-2.362269059646400493e-02,3.394006517426825104e-02,-3.590412410609049657e-03,1.158746564149046050e-03
4.400425195693969727e+00,-1.229728976845000821e+00,-1.169739219721348533e+00,-1.040276880459637537e-01,-3.735820958850146617e-02,-2.369648438824821512e-02,1.757583291428435265e-02,-3.484846199663430531e-03,6.534244533335437696e-04
4.500293016433715820e+00,-1.227406998975507868e+00,-1.170314555627092190e+00,-9.714215825014484162e-02,-3.999885290836898560e-02,-2.782789859985512412e-02,7.093315390113524160e-03,-4.174495466619883646e-03,2.582411442515892804e-04
4.600403547286987305e+00,-1.225178802899077546e+00,-1.169408059411935819e+00,-9.037422424620686345e-02,-4.244679179745770858e-02,-2.631198408248524093e-02,-8.001375259143203231e-03,-3.979058612495678035e-03,-2.432885178974696799e-04
4.700402498245239258e+00,-1.222806636950820591e+00,-1.167542861720174630e+00,-8.342410224875014546e-02,-4.469342795981801064e-02,-2.766722636307652680e-02,-1.752539729376178385e-02,-4.039627235335315966e-03,-7.387419855268319161e-04
4.800172328948974609e+00,-1.223386427475571026e+00,-1.161653178559291844e+00,-7.710068759196189725e-02,-4.670008828356503328e-02,2.138368463622472310e-03,-5.802255216572593105e-02,8.987170056938963039e-05,-2.820338657574726800e-03
4.900274038314819336e+00,-1.222153803848001319e+00,-1.156684031157956483e+00,-7.079591172803754995e-02,-4.828813945877495628e-02,-1.581893513321121214e-02,-4.892127804104638017e-02,-2.337845174908799971e-03,-2.477372259125341231e-03
5.000349760055541992e+00,-1.223161215393192336e+00,-1.149086432281862580e+00,-6.484321044067549444e-02,-4.971540540268269692e-02,7.250498934747526963e-03,-7.527522097383965161e-02,7.603287836571825508e-04,-4.077561938341363323e-03
5.100326538085937500e+00,-1.222677950301600758e+00,-1.142458697919760846e+00,-5.895351022998643331e-02,-5.096723647784585226e-02,-7.060913156843065704e-03,-6.532173157344796366e-02,-9.722951197779946793e-04,-3.724902637868592135e-03
5.200311422348022461e+00,-1.223486645046885757e+00,-1.134177077451040017e+00,-5.456349514863846617e-02,-5.204427441762495693e-02,6.795209684464232659e-03,-8.207961705368858885e-02,8.050013509414362433e-04,-4.918644524579756164e-03
5.300341367721557617e+00,-1.222978780257105935e+00,-1.127051624889553905e+00,-5.046827526045603862e-02,-5.295782981883259688e-02,-6.600894337980023688e-03,-6.999558743920106241e-02,-8.330313600156943670e-04,-4.349777760216017725e-03
5.400351524353027344e+00,-1.223606727993012511e+00,-1.119071324229068853e+00,-4.654113067847316654e-02,-5.371593679363516338e-02,4.977890083734442563e-03,-7.861839939846573810e-02,4.435235467182960982e-04,-5.056283051557256686e-03
5.500203847885131836e+00,-1.221971728405529589e+00,-1.113585036419416419e+00,-4.369278682531427260e-02,-5.446282675792954442e-02,-1.717247659734469356e-02,-5.361742043028292631e-02,-2.123961825897243555e-03,-3.583579412386708480e-03
5.600341796875000000e+00,-1.221108617256231765e+00,-1.107885708644399614e+00,-4.087786237270771283e-02,-5.504581901283185641e-02,-8.969923671971443205e-03,-5.626410003581320401e-02,-1.182205707718095690e-03,-3.811731874334654650e-03
5.700510263442993164e+00,-1.217585063536791967e+00,-1.104937311382759191e+00,-3.806172343456314111e-02,-5.559233974299032655e-02,-3.524316680166744015e-02,-2.882501672891780997e-02,-4.236090888839012455e-03,-1.973749863758198549e-03
5.800400495529174805e+00,-1.215366181323225492e+00,-1.101341330310320998e+00,-3.543361102014264130e-02,-5.587886809170739683e-02,-2.235321375181831965e-02,-3.561044444493274147e-02,-2.631627636396111688e-03,-2.547908795149951295e-03
5.900402307510375977e+00,-1.211089797353269271e+00,-1.100021290388112138e+00,-3.282072629943898201e-02,-5.604207216163372557e-02,-4.246341012856647001e-02,-1.324212473256184373e-02,-4.912425121136237971e-03,-9.499294434686823135e-04
6.000462055206298828e+00,-1.207853478095757493e+00,-1.098319528890822294e+00,-3.029671410889250849e-02,-5.611788171454986512e-02,-3.263235326667435904e-02,-1.652370476852209683e-02,-3.752444629617619504e-03,-1.222528434517238232e-03
6.100354671478271484e+00,-1.203167025721135763e+00,-1.098378177910686038e+00,-2.771491230977601861e-02,-5.608349290584155322e-02,-4.685453348692373426e-02,1.326878218938598889e-03,-5.343173362658934673e-03,1.070744610704460221e-04
6.200283288955688477e+00,-1.199356916989724242e+00,-1.098187126554063475e+00,-2.527332934925287378e-02,-5.597077424932998813e-02,-3.848794347688382772e-02,-8.894651066335941894e-04,-4.361753390973523853e-03,-4.674532122815787069e-05
6.301276922225952148e+00,-1.194554986372472039e+00,-1.099285137983743610e+00,-2.278851093991410282e-02,-5.577432173342539157e-02,-4.810764154289194627e-02,1.147872537589790520e-02,-5.329057513735587816e-03,9.031152801309948056e-04
6.400330305099487305e+00,-1.225283280572636135e+00,-1.099285137983743610e+00,-2.138181637635123977e-02,-5.577432173342539157e-02,-4.812042975884604779e-02,1.147872537589790520e-02,-5.279164168998438759e-03,9.031152801309948056e-04
6.500674486160278320e+00,-1.222583314961314338e+00,-1.098813449272552534e+00,-1.896959820527219232e-02,-5.565254838655368103e-02,-2.718095140581176100e-02,-4.392150340350121397e-03,-2.931772132614641948e-03,-3.877617887814812422e-04
6.600359201431274414e+00,-1.219212633096287579e+00,-1.099234982741267963e+00,-1.663961534744577697e-02,-5.524244304795248445e-02,-3.408292825704439810e-02,4.516401009229483246e-03,-3.697330525199338420e-03,4.165843896360517298e-04
6.700309753417968750e+00,-1.218091822158547943e+00,-1.097647600926012768e+00,-1.511396223152179641e-02,-5.508420778592635486e-02,-1.200822077263145535e-02,-1.476848944898451026e-02,-1.366730786049656600e-03,-1.194220909941647599e-03
6.800462722778320312e+00,-1.215886200060678490e+00,-1.097626878640268311e+00,-1.355574490630319373e-02,-5.454091319965838347e-02,-2.223777584772839919e-02,1.437707851163370020e-04,-2.404802668714528784e-03,5.258311422877237726e-05
6.900249719619750977e+00,-1.215570983945504668e+00,-1.096141982330985698e+00,-1.255048202133519919e-02,-5.396825215911474349e-02,-3.235878463138125698e-03,-1.519510267198316729e-02,-3.646006726504516407e-04,-1.384434945188973021e-03
7.000437021255493164e+00,-1.214520190298349789e+00,-1.095795697162089244e+00,-1.154132412969929855e-02,-5.335978858812215342e-02,-1.050499746557904436e-02,-3.842992378311471929e-03,-1.117551391922253379e-03,-3.932250352715621232e-04
7.124922037124633789e+00,-1.214520190298349789e+00,-1.095795697162089244e+00,-1.154132412969929855e-02,-5.335978858812215342e-02,-1.050499746557904436e-02,-3.842992378311471929e-03,-1.117551391922253379e-03,-3.932250352715621232e-04
7.207940578460693359e+00,-1.215733123580232222e+00,-1.093550227767561944e+00,-1.064587206120480578e-02,-5.278898474924673817e-02,1.130826562030942846e-02,-2.188623180482383856e-02,1.150322197233985501e-03,-1.957816845319632244e-03
7.300419807434082031e+00,-1.184378650050142978e+00,-1.093395118782875652e+00,-9.350997300168029103e-03,-5.145973709890943465e-02,3.699599595216261291e-03,-7.009557626987293275e-03,3.536165774473692828e-04,-6.405313008638303333e-04
7.400288820266723633e+00,-1.182937156463329753e+00,-1.094527964792697539e+00,-8.322448634436846460e-03,-5.073869165090755251e-02,-1.423696246558623334e-02,1.113705318287773818e-02,-1.500196114008238478e-03,1.033581947751674229e-03
7.500379323959350586e+00,-1.182758849437333337e+00,-1.094732706847278081e+00,-7.370114511797226653e-03,-4.999880198875856357e-02,-1.791084816005200121e-03,1.741036775823966761e-03,-1.891355826677150996e-04,1.028446912695584066e-04
7.600364446640014648e+00,-1.181245347105365884e+00,-1.096289767786503333e+00,-6.297075338218202645e-03,-4.922687114570301059e-02,-1.480155302163402298e-02,1.500257241923613760e-02,-1.528846459884628797e-03,1.359145455700087662e-03
7.700191259384155273e+00,-1.180728543581975210e+00,-1.097074208750747015e+00,-5.049823849065243619e-03,-4.843770907252883950e-02,-5.178324192339526892e-03,7.583211062425757563e-03,-5.324376521902917606e-04,6.616710483164387011e-04
7.800608873367309570e+00,-1.180409930820203401e+00,-1.097611179743689824e+00,-3.868352883397957465e-03,-4.760257041345478113e-02,-3.342110858721678533e-03,5.317940284847607474e-03,-3.724301009859972171e-04,4.800886507757892567e-04
7.900315284729003906e+00,-1.180906867831833518e+00,-1.097493604897003427e+00,-2.722826307266779100e-03,-4.675652771114516965e-02,4.896604919755474621e-03,-1.224675727890760625e-03,4.871894860810456539e-04,-1.124136815018260914e-04
8.000541687011718750e+00,-1.181534653659868983e+00,-1.097439945710099396e+00,-1.687965207381403321e-03,-4.590232263054565970e-02,6.025507744977959788e-03,-5.446268706505281131e-04,5.794171815969527926e-04,-7.931764377595363399e-05
8.132587909698486328e+00,-1.181534653659868983e+00,-1.097439945710099396e+00,-1.687965207381403321e-03,-4.590232263054565970e-02,6.025507744977959788e-03,-5.446268706505281131e-04,5.794171815969527926e-04,-7.931764377595363399e-05
8.211415767669677734e+00,-1.182802109745951347e+00,-1.096889045297581244e+00,-6.800438216833931682e-04,-4.503660726014222654e-02,1.227977545050227930e-02,-5.385398822078943555e-03,1.164310982990329540e-03,-5.325993561445118048e-04
8.328362464904785156e+00,-1.184165215097800372e+00,-1.096416040353478394e+00,2.926379782541288499e-04,-4.416269372593650822e-02,1.359184661112365806e-02,-4.979028149761252804e-03,1.320736538224241523e-03,-5.113429137286143889e-04
8.410271883010864258e+00,-1.184797121853880641e+00,-1.096794961862271212e+00,1.308317610619766369e-03,-4.327971293043940404e-02,6.340112965731926897e-03,3.515403588270732751e-03,5.792590010236696929e-04,3.157016863869742136e-04
8.500347852706909180e+00,-1.185857749829823282e+00,-1.098442634071642665e+00,5.872383362534303042e-03,-4.147903072440103922e-02,2.447041774250641091e-03,1.136094818892103252e-02,1.941965300804034762e-04,1.090040344849376504e-03
8.600364923477172852e+00,-1.186226593852601985e+00,-1.099416656385419300e+00,8.848013617560226973e-03,-4.054632216459337635e-02,3.864329114516473242e-03,9.578712784193079907e-03,3.445929431673558038e-04,8.822453285560089313e-04
8.700327634811401367e+00,-1.186122152218709092e+00,-1.100884189477340902e+00,1.168184796315799301e-02,-3.959317583242880079e-02,-5.830741865922240341e-04,1.426931840111447976e-02,-5.854015977992418045e-05,1.377778063249413378e-03
8.800253391265869141e+00,-1.186008967188034058e+00,-1.102164457515676155e+00,1.445624526234053076e-02,-3.860784456830247680e-02,-8.139870468607001731e-04,1.264068946040154857e-02,-7.204152007519177138e-05,1.186998039651373637e-03
8.900398731231689453e+00,-1.216777648170083603e+00,-1.102164457515676155e+00,1.761067902670103436e-02,-3.860784456830247680e-02,-7.830354640847672111e-04,1.264068946040154857e-02,-1.327926125953929630e-04,1.186998039651373637e-03
9.000556945800781250e+00,-1.216329475168645535e+00,-1.103733650243324815e+00,2.031529860490374761e-02,-3.759336816025007910e-02,-3.866503767797273543e-03,1.533105041673532391e-02,-3.126487845663629460e-04,1.453778804201477952e-03
9.100414752960205078e+00,-1.217064279003018390e+00,-1.103733983530605922e+00,2.132412521305913911e-02,-3.717060106577348144e-02,7.525138844798323970e-03,1.158337916945588285e-04,5.824299723852465176e-04,-1.259952805285910140e-05
9.200334310531616211e+00,-1.217420041704280198e+00,-1.104031211401091728e+00,2.217876788271090638e-02,-3.605541191261081579e-02,3.778890068441294759e-03,2.737240866999187446e-03,2.150288178738900074e-04,2.652953151043929095e-04
9.300712347030639648e+00,-1.219166425615706206e+00,-1.103036646176896340e+00,2.302167703434210289e-02,-3.555747514861308523e-02,1.720878393044722107e-02,-9.453363258849092551e-03,1.226458689023277385e-03,-9.396333931626663170e-04
9.400414466857910156e+00,-1.220094193134221738e+00,-1.102632853066769281e+00,2.260642849390101516e-02,-3.431344850274924141e-02,9.215779664889366118e-03,-4.156914265512881915e-03,6.348471795430882031e-04,-4.236443005984013525e-04
9.500272989273071289e+00,-1.222008486899067048e+00,-1.101360570082971391e+00,2.232104150652225449e-02,-3.304230359715387699e-02,1.910464920914347123e-02,-1.290857115735249624e-02,1.390486029554802638e-03,-1.273303580134665935e-03
9.600197553634643555e+00,-1.221976312215004690e+00,-1.102043083469419482e+00,2.251755283454354162e-02,-3.254472256968410360e-02,6.123803592289886390e-05,6.489725085349235499e-03,2.212382302118171844e-07,6.077899892301057800e-04
9.700625419616699219e+00,-1.192466764953354019e+00,-1.101855141965264018e+00,2.184987152656690801e-02,-3.107105419298381022e-02,9.924719451946964477e-03,-2.133672105921218497e-03,7.349201499383213251e-04,-2.306980456649271273e-04
9.811458587646484375e+00,-1.192466764953354019e+00,-1.101855141965264018e+00,2.184987152656690801e-02,-3.107105419298381022e-02,9.924719451946964477e-03,-2.133672105921218497e-03,7.349201499383213251e-04,-2.306980456649271273e-04
9.900132656097412109e+00,-1.192009690762004803e+00,-1.103308773506112006e+00,2.211822065911721313e-02,-2.820176487499878593e-02,1.503139986309482562e-03,3.762835105966100008e-03,1.098999965709375340e-04,3.352251885320396197e-04
1.000045156478881836e+01,-1.190206138830649518e+00,-1.105340959098251474e+00,2.226956497832527360e-02,-2.680423394276060245e-02,-1.733085751560310694e-02,1.950129550051958247e-02,-1.249241923050776982e-03,1.817250667839321676e-03
1.010034847259521484e+01,-1.189695709202693630e+00,-1.106119782584781053e+00,2.244221317986128117e-02,-2.540445815799199925e-02,-5.010222375163344774e-03,7.550572352499770878e-03,-3.671334904373886815e-04,6.825346660384163083e-04
1.020045495033264160e+01,-1.187786376095953500e+00,-1.107988781340419004e+00,2.257806393971859005e-02,-2.402766300628389473e-02,-1.860583952109893038e-02,1.811590253614044771e-02,-1.316079606216754910e-03,1.668110058327823683e-03
1.030037927627563477e+01,-1.186728546275891194e+00,-1.108840002434634542e+00,2.137901828618470057e-02,-2.268727883160052972e-02,-1.077106264193664238e-02,8.381403707097424827e-03,-7.507555711018866788e-04,7.509882263211195737e-04
1.040033411979675293e+01,-1.184696486802260695e+00,-1.110368144276810742e+00,2.032895507297331761e-02,-2.137132194749405412e-02,-2.014738346968236032e-02,1.490892092112486821e-02,-1.433380390761382610e-03,1.349763193371504924e-03
1.050036716461181641e+01,-1.185650573897426341e+00,-1.108899874659958540e+00,1.934388670191912463e-02,-2.016232823185347411e-02,9.451736198718295803e-03,-1.485559426369968163e-02,6.732049426582014436e-04,-1.375067873165517537e-03
1.060029530525207520e+01,-1.184974250893789494e+00,-1.108774658013349068e+00,1.839709902649595830e-02,-1.896319831282090862e-02,-6.829151923346654662e-03,-1.318730751064831801e-03,-4.883885661331414246e-04,-1.380002281856002370e-04
1.070030450820922852e+01,-1.186697585126348375e+00,-1.106372697364172097e+00,1.884423993173352241e-02,-1.780244436665558150e-02,1.657229948148918747e-02,-2.335413741365926707e-02,1.188701038532367308e-03,-2.147343478176648359e-03
1.080034804344177246e+01,-1.187203909719655615e+00,-1.105316520646956846e+00,1.957880186068193529e-02,-1.667660404075727021e-02,5.104594841507483979e-03,-1.051819045495557339e-02,3.669328865480982150e-04,-9.865639687785499826e-04
1.090031719207763672e+01,-1.189378949887042403e+00,-1.102685890084989406e+00,2.031251416178585234e-02,-1.559119697412597594e-02,2.133103709441483073e-02,-2.583336840219805849e-02,1.472112912996230731e-03,-2.361510519812179670e-03
1.100032949447631836e+01,-1.190549692343939148e+00,-1.101161815190769833e+00,2.105441289968700003e-02,-1.453673470742151974e-02,1.179674669382053780e-02,-1.527996767842486683e-02,7.938607683079586686e-04,-1.401307634308500980e-03
1.110038852691650391e+01,-1.192870332598592764e+00,-1.098628192710227491e+00,2.187804850047105065e-02,-1.351497108233067068e-02,2.338179218245289501e-02,-2.542923568671297263e-02,1.552175369849279713e-03,-2.286921101055338062e-03
1.120035982131958008e+01,-1.193185441755721277e+00,-1.098230468907115620e+00,2.263020610090499263e-02,-1.245476837609618692e-02,3.628102812383103733e-03,-4.344883287228391150e-03,2.287911624559004018e-04,-4.025509617752229393e-04
1.130030512809753418e+01,-1.194238450778234872e+00,-1.097235108314511320e+00,2.314537116357417990e-02,-1.142990165383010737e-02,1.065975523051799871e-02,-1.008443571030572146e-02,6.695984921323517788e-04,-9.176790518478219550e-04
1.140040230751037598e+01,-1.192892284739928366e+00,-1.098760447140402663e+00,2.361757999333662095e-02,-1.043778805468230375e-02,-1.276447387219944128e-02,1.449618133054732423e-02,-7.866462769307509036e-04,1.238493962633843530e-03
1.150028800964355469e+01,-1.192892272795682995e+00,-1.098843674191820607e+00,2.410265424434744619e-02,-9.464394078268489885e-03,1.540553127523787110e-04,7.307837397762373790e-04,-1.942055353403807777e-05,5.199300489187163178e-05
1.160039520263671875e+01,-1.191073943818427239e+00,-1.100769669367080095e+00,2.446456083557063677e-02,-8.509376012738906203e-03,-1.759858468118312771e-02,1.867574235258429721e-02,-1.087859119599366266e-03,1.585180901061105773e-03
1.170034933090209961e+01,-1.190291052235413538e+00,-1.101586156727216048e+00,2.484466324145072347e-02,-7.574979723960983957e-03,-7.672430703491083144e-03,8.072243788564092276e-03,-4.590786629230952953e-04,6.914531066337072573e-04
1.180028152465820312e+01,-1.187976525945754869e+00,-1.103674284765947533e+00,2.367885494031377047e-02,-6.658283645236226511e-03,-2.326185079040266057e-02,2.081805497683319670e-02,-1.429943678743612889e-03,1.760162979991579868e-03
1.190026354789733887e+01,-1.186528315279778756e+00,-1.104833767188538873e+00,2.265939130614305630e-02,-5.762489183412863869e-03,-1.456205739561723146e-02,1.152689653509909526e-02,-8.886774642603771472e-04,9.477158882657559956e-04
1.200016641616821289e+01,-1.184172963289059410e+00,-1.106825828368061870e+00,2.162471994189053837e-02,-4.888471087364065770e-03,-2.344244872113856321e-02,1.963337781915371061e-02,-1.407331001598374374e-03,1.621924945279470433e-03
1.210047864913940430e+01,-1.214208019734005051e+00,-1.106825828368061870e+00,2.124827631792837457e-02,-4.888471087364065770e-03,-2.386942653313427892e-02,1.963337781915371061e-02,-1.445974703736797179e-03,1.621924945279470433e-03
1.220032954216003418e+01,-1.213778120121824511e+00,-1.106753777225714108e+00,2.018876075378724100e-02,-4.116029299400691954e-03,-4.443845928943737991e-03,-6.943492370323026694e-04,-2.710672614297127288e-04,-6.713438603267763718e-05
1.230037498474121094e+01,-1.212700913713401940e+00,-1.107198749209831634e+00,1.926132026109847462e-02,-3.348029126060997340e-03,-1.083610774218130186e-02,4.392208452403301329e-03,-6.655124418323259822e-04,3.653245168946865455e-04
1.240030765533447266e+01,-1.213829383277642782e+00,-1.105643827234055410e+00,1.839182039985859385e-02,-2.609344249580508590e-03,1.050134883975945704e-02,-1.483851278984828041e-02,6.735423141031442748e-04,-1.236680124283672097e-03
1.250027847290039062e+01,-1.213796212983612621e+00,-1.105067965814513054e+00,1.751405472018008336e-02,-1.886964758055484359e-03,-6.192360216962817122e-04,-5.556467207889331447e-03,-2.033046921843402851e-05,-4.749578156575517268e-04
1.260033726692199707e+01,-1.215395629670911193e+00,-1.103074124877858830e+00,1.669493162154835064e-02,-1.195105668817281197e-03,1.592372937108166298e-02,-1.999288728466280460e-02,9.957154903641129116e-04,-1.626672730011232033e-03
1.270013475418090820e+01,-1.216085503663205669e+00,-1.101860178479086683e+00,1.611958611216539328e-02,-5.282601777588519232e-04,6.706836107354326691e-03,-1.198439994403559944e-02,4.329792804180033279e-04,-9.784529492708063728e-04
1.280036163330078125e+01,-1.218836613337223485e+00,-1.098815191015363180e+00,1.557032526601376254e-02,1.131846117225082660e-04,2.737491080870613908e-02,-3.031510265596320391e-02,1.714124495054382283e-03,-2.427235032917024818e-03
1.290043735504150391e+01,-1.220014881258455697e+00,-1.097341158964246777e+00,1.501594977076073367e-02,7.197542866092671021e-04,1.171298530715641009e-02,-1.473937544948584338e-02,7.506554496012865681e-04,-1.191900135529456225e-03
1.300013256072998047e+01,-1.221636215423808514e+00,-1.095801242862711522e+00,1.526981351117820407e-02,1.336816325542070083e-03,1.625157330528110081e-02,-1.546147990289079358e-02,1.005075873325542981e-03,-1.223123937021176151e-03
1.310034084320068359e+01,-1.191620391009004409e+00,-1.095973716993446923e+00,1.477171062512104560e-02,1.887678150670479837e-03,-8.709983851468735931e-05,1.367256269639398770e-03,8.239801308217432039e-06,9.163466981269101342e-05
1.320030283927917480e+01,-1.192095475590107867e+00,-1.095612020513366813e+00,1.492233168946402455e-02,2.434161204575943649e-03,4.839554371368901160e-03,-3.650739922369927899e-03,3.108481956637327908e-04,-2.972115938732218911e-04
1.330017542839050293e+01,-1.190709739409654633e+00,-1.097115672350991611e+00,1.512236395937191502e-02,2.942993976862942618e-03,-1.387392604159216197e-02,1.505525292428882243e-02,-8.492207248666009105e-04,1.162040075144683696e-03
1.340048694610595703e+01,-1.189845458950060886e+00,-1.097725428215820864e+00,1.382115781415695077e-02,3.429920555134968740e-03,-8.710552073253222810e-03,6.004730944216500783e-03,-5.163713947422067562e-04,4.447410501951140323e-04
1.350036311149597168e+01,-1.186704052839205437e+00,-1.100591268973927894e+00,1.268535169273671270e-02,3.899367819752960762e-03,-3.070881614356812603e-02,2.789776062748587637e-02,-1.896731750777651227e-03,2.110392738853747278e-03
1.360030078887939453e+01,-1.185297596142101506e+00,-1.101773947873301296e+00,1.188908728322722597e-02,4.327711716572743561e-03,-1.410980911135696451e-02,1.182703112187475161e-02,-8.661528843954483924e-04,8.838206965947611538e-04
1.370031833648681641e+01,-1.182299719101443713e+00,-1.104451786693766202e+00,1.102348808678582648e-02,4.731376546146678908e-03,-3.004008948288012029e-02,2.678454956718212543e-02,-1.878602491976908047e-03,2.020859794085922735e-03
1.380029153823852539e+01,-1.180846186862939184e+00,-1.105732486826385808e+00,1.182197793327020852e-02,5.104127069079145151e-03,-1.439135511796811769e-02,1.277173126444108506e-02,-8.929038942871843571e-04,9.590249090949165859e-04
1.390032386779785156e+01,-1.178278343954717089e+00,-1.107973527610984110e+00,1.243051777630357901e-02,5.451536635448700485e-03,-2.534214058599416550e-02,2.219733698670732849e-02,-1.523827505955953083e-03,1.641328315766429555e-03
1.400039625167846680e+01,-1.176475756109874427e+00,-1.108974560657735475e+00,1.161906350975104585e-02,5.775248568116828074e-03,-1.793221406390841516e-02,1.001477993939096922e-02,-1.105332910491684537e-03,7.463078406374209833e-04
1.410021901130676270e+01,-1.175088459284797660e+00,-1.109378613732247887e+00,1.102403774781204882e-02,6.041645283649310638e-03,-1.406636912414487364e-02,4.274968041707042851e-03,-8.613195774425653735e-04,3.027357199596630616e-04
1.420034551620483398e+01,-1.174252899251498228e+00,-1.109108722902208743e+00,1.058376236519745217e-02,6.341967708900067557e-03,-8.723795028362292883e-03,-2.251897810779634936e-03,-5.244772141923659649e-04,-1.713531252572340121e-04
1.430028390884399414e+01,-1.174208886210094338e+00,-1.107897396113796784e+00,1.010805553480734198e-02,6.571046867604610209e-03,-8.783342229566284574e-04,-1.154275022350387432e-02,-4.389910481719381846e-05,-8.499637852732847866e-04
1.440040922164916992e+01,-1.174605688654683178e+00,-1.106421808463158962e+00,9.668007318844665243e-03,6.785178648585327155e-03,3.553742431760070330e-03,-1.433576902589385818e-02,2.305038780866295700e-04,-1.050522348864220629e-03
1.450031018257141113e+01,-1.175605716147657409e+00,-1.104271433716217832e+00,9.252601004791874417e-03,6.983827228113581587e-03,1.004576754271595609e-02,-2.148797579161994958e-02,6.217735526533851300e-04,-1.550472255328949828e-03
1.460047483444213867e+01,-1.176536900767257476e+00,-1.101994818995075898e+00,7.315322893414757943e-03,7.166921435948006569e-03,9.280277357094782534e-03,-2.266758971752661986e-02,5.868437773008036706e-04,-1.632021863752046876e-03
1.470020818710327148e+01,-1.177900542314279875e+00,-1.099300137075003514e+00,5.587333762659463243e-03,7.333203227748996689e-03,1.321630645755002796e-02,-2.652587051136559571e-02,8.677309515639682882e-04,-1.907544610100991812e-03
1.480029702186584473e+01,-1.178502970386501758e+00,-1.097784012364994233e+00,6.658273187599747511e-03,7.502850747010347821e-03,6.081056172735447088e-03,-1.519043399747776156e-02,4.192160807337650297e-04,-1.090049407827762716e-03
1.490037107467651367e+01,-1.179314315863775553e+00,-1.096163926678655365e+00,7.295301595436218256e-03,7.646063172784031692e-03,8.114034089432495267e-03,-1.618261290528722959e-02,5.074539462579156059e-04,-1.155699182535014063e-03
1.500059843063354492e+01,-1.179057924731639728e+00,-1.095559633710697423e+00,7.185830123012479365e-03,7.770298972417696848e-03,-2.486329735224578931e-03,-6.130162426946014764e-03,-1.477433913176840244e-04,-4.337268414341116781e-04
1.510039639472961426e+01,-1.178911710346307151e+00,-1.094719630850008896e+00,7.247723930429605943e-03,7.876055100811060750e-03,-1.341385410124044377e-03,-8.435737749238355829e-03,-8.221270867170324783e-05,-6.030390735556195869e-04
1.520049834251403809e+01,-1.178110641599386721e+00,-1.094712766764183609e+00,7.508357171811558262e-03,7.967862121373986417e-03,-7.788916970453898560e-03,-3.417331454921919594e-04,-4.712973289169162974e-04,-3.135744836822068930e-05
1.530032181739807129e+01,-1.177395024449869432e+00,-1.094564629448991022e+00,7.709643179985292694e-03,8.045376579071325529e-03,-7.146228709104067260e-03,-1.443276345420461178e-03,-4.395491767329381418e-04,-1.008469708249695176e-04
1.540033435821533203e+01,-1.176194483970531168e+00,-1.095041934305980957e+00,7.876950587246231428e-03,8.113023771117819360e-03,-1.199877108683779572e-02,4.735037975310385505e-03,-7.331176999896448420e-04,3.322946285341709586e-04
1.550026392936706543e+01,-1.175071304064279731e+00,-1.095418230597243081e+00,8.051933218502546619e-03,8.170997396514514954e-03,-1.111132487638968880e-02,3.659808139858595263e-03,-6.750381548214799471e-04,2.504189505944322985e-04
1.560012388229370117e+01,-1.173632417417324048e+00,-1.096227024865009003e+00,8.859531108961996027e-03,8.222440771854022667e-03,-1.415270370291953593e-02,7.897465319663680289e-03,-8.468422066844410404e-04,5.407576389667091872e-04
1.570025181770324707e+01,-1.202250944977075520e+00,-1.096227024865009003e+00,9.879766653165339418e-03,8.222440771854022667e-03,-1.416557411365028038e-02,7.897465319663680289e-03,-8.377682372264752455e-04,5.407576389667091872e-04
1.580030536651611328e+01,-1.201719594758787757e+00,-1.095938380058020911e+00,1.045233214411558920e-02,8.430304083146697436e-03,-5.469464616654901024e-03,-2.669071532432433502e-03,-3.127959088499738930e-04,-1.863815011780881287e-04
1.590031480789184570e+01,-1.201174958134610504e+00,-1.095751082074707394e+00,1.104887606928615928e-02,8.425203356891106110e-03,-5.317961213111806369e-03,-1.927026596579639508e-03,-3.280235552375950370e-04,-1.279329179477513203e-04
1.600047993659973145e+01,-1.201219143791548927e+00,-1.094723824769068488e+00,1.078867285620090100e-02,8.423022538375110613e-03,2.268985123147033371e-04,-9.965596358766521876e-03,1.823871983479142113e-07,-6.850886024223689719e-04
1.610050368309020996e+01,-1.201289808611307519e+00,-1.094013144381387637e+00,1.061678275290894868e-02,8.431710715328027961e-03,4.724990329105701876e-04,-6.973748007845008597e-03,3.445025909203027777e-05,-4.781804253269048054e-04
1.620403718948364258e+01,-1.201289808611307519e+00,-1.094013144381387637e+00,1.061678275290894868e-02,8.431710715328027961e-03,4.724990329105701876e-04,-6.973748007845008597e-03,3.445025909203027777e-05,-4.781804253269048054e-04
1.631811714172363281e+01,-1.201905254945786483e+00,-1.092727957811938655e+00,1.026868893313355457e-02,8.441737105199784152e-03,6.151282092683496398e-03,-1.285320140216810597e-02,3.539145998102932711e-04,-8.732649841937387743e-04
1.640015435218811035e+01,-1.203585889793448827e+00,-1.090350756420813694e+00,1.015065452952891578e-02,8.479812792052884851e-03,1.031983594916178332e-02,-1.347226730240507278e-02,5.859627829903101600e-04,-9.124327376947903665e-04
1.650019502639770508e+01,-1.201583148666714784e+00,-1.092290659866800961e+00,1.027936643783690374e-02,8.722508536501097365e-03,-1.931704413727728872e-02,1.876066049074814543e-02,-1.085459144537052889e-03,1.247646850648775636e-03
1.660062718391418457e+01,-1.173695083415686735e+00,-1.092141899755012302e+00,9.990065262040451199e-03,8.742472165499198811e-03,1.954764183554993581e-03,-1.299629312764229074e-03,1.127495678900303168e-04,-9.210049181030636328e-05
1.670023512840270996e+01,-1.171748861581289880e+00,-1.094141072632759615e+00,1.054116362877877133e-02,8.776820875534371846e-03,-1.896979412112522606e-02,1.951489776314431837e-02,-1.054609600164699377e-03,1.296472278188115675e-03
1.680029034614562988e+01,-1.171488281440208556e+00,-1.094553301693795389e+00,1.106380593625164166e-02,8.815573682003655098e-03,-2.678862065625961866e-03,4.206409811438081153e-03,-1.498738268136984731e-04,2.760443059993519170e-04
1.690035629272460938e+01,-1.169263364478936307e+00,-1.096456275776393818e+00,1.073602617259414305e-02,8.850675237558489061e-03,-2.188180982778098818e-02,1.864255059347487073e-02,-1.196050994507253176e-03,1.229256562741686551e-03
1.700039792060852051e+01,-1.168370777861625909e+00,-1.097092607445548040e+00,1.052572644951084435e-02,8.884919284188982913e-03,-8.847600198307709399e-03,6.330447164230378759e-03,-5.012236884228453903e-04,4.235117204436150348e-04
1.710040140151977539e+01,-1.166411374069181717e+00,-1.098706971186289127e+00,1.053088319680352269e-02,8.922563874694380837e-03,-1.936485443196992243e-02,1.592668693539076030e-02,-1.052781512670133155e-03,1.038289634557242437e-03
1.720228648185729980e+01,-1.166411374069181717e+00,-1.098706971186289127e+00,1.053088319680352269e-02,8.922563874694380837e-03,-1.936485443196992243e-02,1.592668693539076030e-02,-1.052781512670133155e-03,1.038289634557242437e-03
1.730022644996643066e+01,-1.163826400691801544e+00,-1.100459933079231734e+00,1.110331923127577669e-02,9.002536373147421167e-03,-1.698953856577804788e-02,1.188818929787919740e-02,-9.145507389245717891e-04,7.798477239584036044e-04
1.740044546127319336e+01,-1.163016176460308637e+00,-1.100763090300116431e+00,1.164239210675649394e-02,9.045145404902379949e-03,-8.169567544966414852e-03,3.185003312440839313e-03,-4.349908600435640972e-04,2.010463219811647927e-04
1.750015544891357422e+01,-1.162738665993396037e+00,-1.100362858027882140e+00,1.218979535990370039e-02,9.057021543996124358e-03,-2.966445226377542425e-03,-3.659161917076955359e-03,-1.618516849827102751e-04,-2.364332050220833536e-04
1.760035753250122070e+01,-1.163001793192326216e+00,-1.099222237940436608e+00,1.216262837217800541e-02,9.075790770364175475e-03,2.284353571850978280e-03,-1.093202295084361349e-02,1.094451156372627657e-04,-7.050807833078984350e-04
1.770023989677429199e+01,-1.163666340042085690e+00,-1.097549732714842907e+00,1.222392151926141035e-02,9.101526246999155911e-03,6.746791749764778287e-03,-1.667111797149918931e-02,3.318410713018209840e-04,-1.064312256626205730e-03
1.780024886131286621e+01,-1.164880806358080001e+00,-1.095625849829476417e+00,1.227311034179611599e-02,9.136494101921563415e-03,1.178545208159082272e-02,-1.883523589023209863e-02,5.952415538790818564e-04,-1.204132314782596375e-03
1.790033245086669922e+01,-1.166487506744394942e+00,-1.093360577239361087e+00,1.303623807532160866e-02,9.177140065037628358e-03,1.581595286768449141e-02,-2.228256661594516311e-02,7.979585540431163772e-04,-1.419272746164345657e-03
1.800038743019104004e+01,-1.168414349672268315e+00,-1.091070983731447841e+00,1.370814925225143782e-02,9.225518930820755803e-03,1.906694176376428837e-02,-2.265929526161290439e-02,9.344261825196351762e-04,-1.436676195624986491e-03
1.810474967956542969e+01,-1.168414349672268315e+00,-1.091070983731447841e+00,1.370814925225143782e-02,9.225518930820755803e-03,1.906694176376428837e-02,-2.265929526161290439e-02,9.344261825196351762e-04,-1.436676195624986491e-03
1.820021104812622070e+01,-1.170922361535133405e+00,-1.087522706876251188e+00,1.370142186852291860e-02,9.380725939580544792e-03,8.092662273284716504e-03,-1.180848972952726686e-02,3.833006146109665512e-04,-7.436699931349946774e-04
1.830031299591064453e+01,-1.171762005554658925e+00,-1.086452211049538263e+00,1.373772673527588750e-02,9.482831512699879672e-03,8.447763438813328182e-03,-1.069910799255767431e-02,4.166399123511616942e-04,-6.758998832129100220e-04
1.840032696723937988e+01,-1.171816020232309574e+00,-1.086441895244809164e+00,1.373912678698431533e-02,9.587646538665436924e-03,7.967011994008341971e-04,-2.980220110061080263e-04,3.604627645163994797e-05,-2.741952331854040776e-05
1.850031232833862305e+01,-1.171691087337708881e+00,-1.086354733346126089e+00,1.391018042056944848e-02,9.691800254796864578e-03,-1.011241377716764946e-03,-9.911167694743000349e-04,-4.996869599940043338e-05,-6.988454803381723081e-05
1.860074281692504883e+01,-1.170954483234179166e+00,-1.087098450977332931e+00,1.405092946758950551e-02,9.797896672362915726e-03,-7.030557809897392853e-03,7.082497079376979914e-03,-3.304837843159565418e-04,4.307570383197816292e-04
1.870032119750976562e+01,-1.169928434029933184e+00,-1.087787878975434497e+00,1.360045397019252200e-02,9.902840666133200243e-03,-1.014049906819166832e-02,6.750390209770369687e-03,-4.668921157879894410e-04,4.035481122358881650e-04
1.880025315284729004e+01,-1.168474730843079845e+00,-1.089050336886336234e+00,1.322249238072097099e-02,1.000850668824405931e-02,-1.429569962383187530e-02,1.237073772573019440e-02,-6.745647368604831134e-04,7.487389238085904834e-04
1.890012311935424805e+01,-1.167026694108347140e+00,-1.090216123247760738e+00,1.326970472164210046e-02,1.011135921591078957e-02,-1.440512946391271469e-02,1.164438134555556906e-02,-6.789006244188875491e-04,7.098597823100903734e-04
1.900055885314941406e+01,-1.194037537650864289e+00,-1.090216123247760738e+00,1.364989147567095829e-02,1.011135921591078957e-02,-1.442663663269556570e-02,1.164438134555556906e-02,-6.732764860074710259e-04,7.098597823100903734e-04
1.910036158561706543e+01,-1.192855256915702933e+00,-1.090671187020164634e+00,1.264516257666253862e-02,1.017594146184577775e-02,-1.188400656032806077e-02,4.700296641610080678e-03,-5.567491719305283455e-04,2.752738304910238025e-04
1.920017075538635254e+01,-1.191751216454216111e+00,-1.090955896600402486e+00,1.178201181949677101e-02,1.024258586498318080e-02,-1.122825108822087491e-02,2.973811129773294790e-03,-5.215311602904409592e-04,1.772317716011285831e-04
1.930029439926147461e+01,-1.191301087455138186e+00,-1.090642071373340904e+00,1.093125798490486578e-02,1.031170226663047362e-02,-4.467392908338882127e-03,-3.174257964102414429e-03,-2.135520207841046800e-04,-1.841696255398476002e-04
1.940031814575195312e+01,-1.190684193921244249e+00,-1.090385464822123174e+00,9.558388473513181050e-03,1.038166193296678752e-02,-6.480292836746665355e-03,-2.394157709059446196e-03,-3.075932302475834716e-04,-1.434881238894619140e-04
1.950029301643371582e+01,-1.190378445099495641e+00,-1.089641599456244281e+00,8.476408013525622842e-03,1.044890466472826740e-02,-3.271563717228190369e-03,-7.175076297714046841e-03,-1.450097652708475936e-04,-4.238677443968889911e-04
1.960025048255920410e+01,-1.189139554593948489e+00,-1.089979382850604805e+00,7.381287633858549246e-03,1.054059251715822043e-02,-1.238559140346751943e-02,3.262375529407529617e-03,-6.139264082087608375e-04,1.895652149492361093e-04
1.970032691955566406e+01,-1.187982780416840800e+00,-1.089968444569499040e+00,6.117231430900128830e-03,1.061748715616035732e-02,-1.154995613746794339e-02,-8.781041064155098344e-05,-5.677110017645330044e-04,-6.963942388648316015e-06
1.982714104652404785e+01,-1.187982780416840800e+00,-1.089968444569499040e+00,6.117231430900128830e-03,1.061748715616035732e-02,-1.154995613746794339e-02,-8.781041064155098344e-05,-5.677110017645330044e-04,-6.963942388648316015e-06
1.991061019897460938e+01,-1.186161053952007105e+00,-1.090495503952439105e+00,4.906824301528243948e-03,1.067739080481940050e-02,-1.801508397775417741e-02,5.136563568889111406e-03,-9.097331749501349173e-04,2.965209901911196235e-04
2.000018334388732910e+01,-1.157391295115835383e+00,-1.091279260282969510e+00,4.571026756095851462e-03,1.074406241998886180e-02,-1.692123176738469931e-02,5.490203767170533621e-03,-8.693531138399246926e-04,3.088380947711734121e-04
2.010046195983886719e+01,-1.156029911937714871e+00,-1.091555924083402296e+00,4.304280427231341188e-03,1.074866288361641525e-02,-1.361973877234760530e-02,2.806822628204895271e-03,-6.835453985306534945e-04,1.546453830056338213e-04
2.020043420791625977e+01,-1.154560744599582245e+00,-1.092009292181576718e+00,5.061162062681548446e-03,1.073544079507571941e-02,-1.457383709219167538e-02,4.502740052184101525e-03,-7.429442161125364430e-04,2.562205223828996695e-04
2.030044651031494141e+01,-1.166679039743579560e+00,-1.092196752719796882e+00,2.783522461046197827e-03,1.070793440103585265e-02,1.102948668240276986e-01,1.935102639030056261e-03,5.128140740768046511e-03,1.103669664218302234e-04
2.043587064743041992e+01,-1.166679039743579560e+00,-1.092196752719796882e+00,2.783522461046197827e-03,1.070793440103585265e-02,1.102948668240276986e-01,1.935102639030056261e-03,5.128140740768046511e-03,1.103669664218302234e-04
2.057150173187255859e+01,-1.176470740116372760e+00,-1.092839530743132448e+00,-6.888320645760392935e-04,1.066848836211827661e-02,8.245661910415234830e-02,6.349908125345255470e-03,3.798915114379395642e-03,3.602244387049545514e-04
2.065439796447753906e+01,-1.186233004419233072e+00,-1.093570875942245779e+00,2.299025059530696025e-03,1.060607516538790429e-02,9.776283927012677233e-02,7.178288086716239774e-03,5.393371745740277792e-03,3.999718821006983081e-04
2.074863862991333008e+01,-1.196574974833338967e+00,-1.093458164316502002e+00,5.127519739319061354e-03,1.051992551034877654e-02,1.029495984308236578e-01,-9.507260462742246230e-04,5.191611328850179348e-03,-5.251528796086649066e-05
2.083396077156066895e+01,-1.206709562953786952e+00,-1.094001870514790253e+00,8.679039303597008148e-03,1.041935010259318478e-02,1.010145002277184900e-01,5.364957704616666288e-03,4.807818257421886919e-03,3.021946558447308325e-04
2.091415977478027344e+01,-1.216886826210312300e+00,-1.094205051514548943e+00,1.174667908178760045e-02,1.031622188511726462e-02,1.015772135660318598e-01,2.070013553955024101e-03,4.522529725941042480e-03,1.175436919456970656e-04
2.100019192695617676e+01,-1.231808517570042616e+00,-1.099785693071476667e+00,2.390643880992655845e-02,1.033154861122215218e-02,7.905708824187432371e-02,2.085387419082166197e-02,2.700548976216170498e-03,1.158519057815510407e-03
2.110034394264221191e+01,-1.236558415655183873e+00,-1.105171873454997566e+00,2.944383769179675925e-02,1.041741195933071351e-02,4.874523158503502734e-02,5.334061565997142568e-02,1.226063897200676493e-03,2.971037052676320494e-03
2.120040893554687500e+01,-1.242880921633719993e+00,-1.108895422767698147e+00,3.632188725709845772e-02,1.047325061066583379e-02,6.469582629552649011e-02,3.752086828979140504e-02,1.314272266826507513e-03,2.075640726084007712e-03
2.130031609535217285e+01,-1.245262197745893973e+00,-1.116051736675271799e+00,4.276746442019925543e-02,1.061749689829272203e-02,2.594969298007647474e-02,7.136426065311055056e-02,2.349235688776727792e-04,3.939729234975750116e-03
2.140030789375305176e+01,-1.249341128989207350e+00,-1.120918060865427668e+00,4.872893665138652158e-02,1.084454918788996941e-02,4.333876103993668932e-02,4.823649094117941211e-02,3.240432317751863788e-04,2.589696962218147880e-03
2.150019145011901855e+01,-1.288380040865937159e+00,-1.120918060865427668e+00,5.635624220563741071e-02,1.084454918788996941e-02,4.301890757198038179e-02,4.823649094117941211e-02,5.895473239106189200e-05,2.589696962218147880e-03
2.160437154769897461e+01,-1.288380040865937159e+00,-1.120918060865427668e+00,5.635624220563741071e-02,1.084454918788996941e-02,4.301890757198038179e-02,4.823649094117941211e-02,5.895473239106189200e-05,2.589696962218147880e-03
2.170043516159057617e+01,-1.294073041006444935e+00,-1.131919797028364538e+00,6.636964320167580700e-02,1.143359401985139662e-02,4.426870229265880002e-02,3.780931488733776241e-02,-5.305997089578675437e-04,1.989708898955240297e-03
2.180037522315979004e+01,-1.296854361243094944e+00,-1.137528299080716288e+00,7.090872520756860697e-02,1.183041694797344612e-02,3.091828879627602292e-02,5.532408019447600939e-02,-6.252062325677822021e-04,2.875609991004282866e-03
2.190029549598693848e+01,-1.301576868290746480e+00,-1.140318625228886829e+00,7.540990014879206393e-02,1.234905803347079167e-02,5.006768378003335213e-02,2.836897725975771542e-02,-1.047693279924916294e-03,1.451141903118632155e-03
2.200046133995056152e+01,-1.304902814754428819e+00,-1.144240627306958080e+00,7.909507476538558957e-02,1.299787898283345094e-02,3.631556607869439179e-02,3.919820799014643586e-02,-9.511299707074880169e-04,1.975366440426954556e-03
2.210024666786193848e+01,-1.309578555589449245e+00,-1.145989255710474941e+00,8.276976894262716433e-02,1.377888137334878915e-02,4.956622641463209744e-02,1.807390885635952460e-02,-1.459063582781960303e-03,8.866422329826822860e-04
2.220064377784729004e+01,-1.270658821411244421e+00,-1.149975110852715199e+00,7.982794055207353967e-02,1.497203825559111079e-02,2.087470765221215510e-02,3.974819152136882527e-02,-6.932106333068020591e-04,1.899707473114672050e-03
2.230031800270080566e+01,-1.274045235337154969e+00,-1.150624229093128781e+00,8.252548130483965128e-02,1.621869230681349805e-02,3.647425541878699523e-02,7.148191019217787871e-03,-1.131600397524125780e-03,3.012353973243999013e-04
2.240046095848083496e+01,-1.274089483569993186e+00,-1.155152873581404283e+00,8.485570291020624878e-02,1.735959708564428078e-02,3.312473643077659506e-03,4.489549382798407873e-02,-1.083378648765755521e-04,2.004690173407980194e-03
2.250031113624572754e+01,-1.275637839338022994e+00,-1.155557871257063995e+00,8.574214674147927207e-02,1.875802336225215750e-02,1.718314289185586888e-02,4.582601081115203479e-03,-6.143883830091200794e-04,1.301589617779808344e-04
2.260943508148193359e+01,-1.275637839338022994e+00,-1.155557871257063995e+00,8.574214674147927207e-02,1.875802336225215750e-02,1.718314289185586888e-02,4.582601081115203479e-03,-6.143883830091200794e-04,1.301589617779808344e-04
2.270035696029663086e+01,-1.275161621430435321e+00,-1.159617593538044833e+00,8.504851870880425491e-02,2.173860244417437360e-02,2.951936722964244950e-03,6.389662897736338339e-03,-2.129901358873937365e-04,1.968013683238827884e-04
2.280030345916748047e+01,-1.275292199901864931e+00,-1.160880490070216986e+00,8.381196832410106601e-02,2.301500021430749610e-02,1.492923306780409836e-03,1.315282627861130531e-02,-1.303111342690457309e-04,4.520484676667029769e-04
2.290035963058471680e+01,-1.276050993113812426e+00,-1.159265130107047570e+00,8.254249763393617378e-02,2.433822797356753609e-02,7.511230918849937793e-03,-1.508264220476227338e-02,-3.861045426152854014e-04,-5.917202814112339487e-04
2.300028491020202637e+01,-1.276865802910817971e+00,-1.158674616820446923e+00,7.986253723174875641e-02,2.575260117113784691e-02,7.177259006809871313e-03,-5.251762589505650121e-03,-2.624460551335959860e-04,-2.211864003106439060e-04
2.310028934478759766e+01,-1.278142252400733314e+00,-1.156763240997281672e+00,7.687373590767326847e-02,2.718839206194866714e-02,1.146511606643525749e-02,-1.859262738335458812e-02,-5.497155617141838381e-04,-6.639564202889404205e-04
2.320029616355895996e+01,-1.279225544842087059e+00,-1.155188552113959544e+00,7.394381918679530930e-02,2.865753739722873283e-02,9.679519597645546911e-03,-1.523206460813510306e-02,-3.793854897038143243e-04,-5.330832247973111421e-04
2.330037331581115723e+01,-1.280489427874843100e+00,-1.153075218984457750e+00,6.993577532001832298e-02,3.012901048090226366e-02,1.100621990757683945e-02,-2.044720837704647187e-02,-5.373441869212326532e-04,-5.172902007867704590e-04
2.340016293525695801e+01,-1.281461211136324163e+00,-1.151102200809581921e+00,6.585447166771206395e-02,3.158840961201710151e-02,8.067646913005949855e-03,-1.902831092391996104e-02,-2.976285902773015695e-04,-5.128486644593036525e-04
2.350043225288391113e+01,-1.282587405432419336e+00,-1.148958379379675820e+00,6.192025541751675077e-02,3.301236146203709310e-02,9.649842494103893706e-03,-2.074341904606582382e-02,-3.375755987420967072e-04,-5.196067632737322349e-04
2.360034132003784180e+01,-1.279865778494545525e+00,-1.150581797158580777e+00,5.778966604117099365e-02,3.416439214581159373e-02,-2.817285828900770173e-02,1.623723529176917049e-02,1.329654948857033302e-03,2.566022267869380591e-04
2.370019435882568359e+01,-1.279189436568470173e+00,-1.150045264712572957e+00,5.389898816016362032e-02,3.572176801117016298e-02,-8.042640194592122135e-03,-4.794905176089137543e-03,4.324868640478919841e-04,-1.707920503517694802e-04
2.380031585693359375e+01,-1.277950494282158012e+00,-1.149982707889045219e+00,4.995647991100118229e-02,3.715796466784164476e-02,-1.348275375980810195e-02,-1.050397970374033167e-04,6.834173051519178057e-04,-4.962249205336209256e-05
2.390026044845581055e+01,-1.276628903899586609e+00,-1.149920631598876142e+00,4.610214764627506429e-02,3.846249617225436929e-02,-1.437471149685774253e-02,4.973065915936551116e-05,6.248789139799407113e-04,4.264783474048971590e-05
2.400032138824462891e+01,-1.275215018591960181e+00,-1.149858027680028982e+00,4.239106898374796206e-02,3.964524475914066315e-02,-1.512937902064098554e-02,-7.861313593999705307e-05,7.034437864464547193e-04,-6.092111775567574290e-05
2.410032749176025391e+01,-1.273699910066951713e+00,-1.149796455225213787e+00,3.886811168929765054e-02,4.069484826997215449e-02,-1.599186743349783821e-02,-5.289854516307172989e-05,7.598079111731357877e-04,-1.021650488901865855e-04
2.420024371147155762e+01,-1.272007652195430216e+00,-1.149738239658340877e+00,3.552312882956203122e-02,4.160145484110805425e-02,-1.769064865718718293e-02,2.174246044008836952e-05,7.051601668878182665e-04,4.734555381467076696e-05
2.430040478706359863e+01,-1.312273345250230205e+00,-1.149738239658340877e+00,3.404195808005025525e-02,4.160145484110805425e-02,-1.772482033546398522e-02,2.174246044008836952e-05,6.834863724403896943e-04,4.734555381467076696e-05
2.440030503273010254e+01,-1.310484235653212481e+00,-1.149684267049132735e+00,3.084160105403208757e-02,4.236567175195136981e-02,-1.851698612648006170e-02,2.718277466880695392e-06,7.822800391388426639e-04,-8.168327747803112260e-05
2.450044870376586914e+01,-1.309348689166774715e+00,-1.148894491582139299e+00,2.781812236547856476e-02,4.286959869426240632e-02,-1.189314604889254307e-02,-7.450330707967687746e-03,4.497839733382619177e-04,-2.038810858733762352e-05
2.460046148300170898e+01,-1.308283605485754952e+00,-1.148039354421779512e+00,2.580191654714768593e-02,4.326786341925117907e-02,-1.114510917331086072e-02,-7.955611465008284935e-03,5.105670988338306248e-04,-5.075948107618309413e-05
2.470045518875122070e+01,-1.307767216050758297e+00,-1.146563218811298857e+00,2.386144624339234591e-02,4.355866627454742235e-02,-5.765070404087630287e-03,-1.407742908590327129e-02,2.881135081756188787e-04,-7.882164374150499038e-05
2.480033254623413086e+01,-1.307232416610490278e+00,-1.145048341987187079e+00,2.203987188319742746e-02,4.373973842546335228e-02,-5.784381113099722194e-03,-1.458275441612945367e-02,3.028359212120747181e-04,4.840470994738322295e-06
2.490029168128967285e+01,-1.307082292207756957e+00,-1.143118196087761440e+00,2.036233718143979840e-02,4.381700500264971293e-02,-1.960066194075047591e-03,-1.872349272037833121e-02,1.644173516989844510e-04,5.332933657690002165e-05
2.500018501281738281e+01,-1.264146158441680878e+00,-1.144154969689985313e+00,1.922531298522591262e-02,4.499144272963057078e-02,-3.043484058673644535e-02,1.054655522242236090e-02,1.064625316942985562e-03,-8.712405634185784343e-05
2.510046005249023438e+01,-1.262911112849380846e+00,-1.143516021737885024e+00,1.771791751601037301e-02,4.476158971630503358e-02,-1.262401885192843999e-02,-6.085701085325192876e-03,4.852115298150062525e-04,3.932256953071321999e-05
2.520859599113464355e+01,-1.262911112849380846e+00,-1.143516021737885024e+00,1.771791751601037301e-02,4.476158971630503358e-02,-1.262401885192843999e-02,-6.085701085325192876e-03,4.852115298150062525e-04,3.932256953071321999e-05
2.530027651786804199e+01,-1.258398241456047284e+00,-1.143384469885781574e+00,1.489346575497130232e-02,4.410320454959896358e-02,-2.157802102831401017e-02,-9.599493180975206350e-04,6.638515520397097591e-04,1.176060755834290709e-05
2.540026235580444336e+01,-1.255939677012617661e+00,-1.143369622274881259e+00,1.356540403840902215e-02,4.364800407930353315e-02,-2.456990863398955324e-02,-8.024335971861780512e-05,8.227742488967540848e-04,-8.106089424692284213e-06
2.550923037528991699e+01,-1.255939677012617661e+00,-1.143369622274881259e+00,1.356540403840902215e-02,4.364800407930353315e-02,-2.456990863398955324e-02,-8.024335971861780512e-05,8.227742488967540848e-04,-8.106089424692284213e-06
2.560839772224426270e+01,-1.253398941611575612e+00,-1.143414476136366043e+00,1.232425936589458260e-02,4.311396028235989220e-02,-2.553085605046051185e-02,5.536319526545033102e-04,7.677531246433451579e-04,-1.169287385400830147e-05
2.570044898986816406e+01,-1.250315424303569234e+00,-1.141185616883050979e+00,1.001154228670073781e-02,4.237683365994650980e-02,-5.342494749826605903e-03,-2.136307056081933331e-02,2.021121487342609157e-04,3.276195861182963349e-04
2.580033588409423828e+01,-1.248981748459449204e+00,-1.139769728279086181e+00,9.008702792137009141e-03,4.157753035291354704e-02,-1.354387217243296741e-02,-1.398782180245308586e-02,4.526769419718039986e-04,2.243889881089632023e-04
2.590052866935729980e+01,-1.250087773660741419e+00,-1.136263788714084066e+00,8.101489031012650693e-03,4.137316526480283585e-02,1.111952649519224769e-02,-3.492076038853616365e-02,-2.971968007382709965e-04,5.985025471444425970e-04
2.600033736228942871e+01,-1.249803851321581893e+00,-1.134221382743836548e+00,7.230583231319757248e-03,4.044906583870178096e-02,-2.905323401973750747e-03,-2.046399453866364418e-02,8.469601397980948757e-05,3.589840986824786558e-04
2.610039520263671875e+01,-1.251352167329989440e+00,-1.130741235099217423e+00,6.426072737990388972e-03,3.952294302256546821e-02,1.558743966149182640e-02,-3.516157790561957874e-02,-4.198887564839644889e-04,6.996044818687173917e-04
2.620045423507690430e+01,-1.250142613815170778e+00,-1.129981191559551457e+00,5.663436458785458399e-03,3.862159494270007293e-02,-1.185275424915579155e-02,-8.032849872676698158e-03,3.643765731021178142e-04,1.756474048285861476e-04
2.630033159255981445e+01,-1.250269234490377857e+00,-1.127959370251094606e+00,4.875571656537586868e-03,3.768168914804733566e-02,1.326577438076699273e-03,-2.031399080700489745e-02,-2.816138739878665779e-05,3.939424656608483586e-04
2.640036964416503906e+01,-1.248283662501475044e+00,-1.128114195532908814e+00,4.135797151782048819e-03,3.673143626060751399e-02,-1.939639719733201456e-02,9.122332942872869548e-04,5.468169344536859700e-04,1.166788520782320924e-05
2.650034928321838379e+01,-1.247298914079763676e+00,-1.127407720054111273e+00,3.449910781255970116e-03,3.578203499796801801e-02,-9.796471347461024534e-03,-7.288189542505617291e-03,2.646062506085907037e-04,1.970150234107780193e-04
2.660160374641418457e+01,-1.247298914079763676e+00,-1.127407720054111273e+00,3.449910781255970116e-03,3.578203499796801801e-02,-9.796471347461024534e-03,-7.288189542505617291e-03,2.646062506085907037e-04,1.970150234107780193e-04
2.670043802261352539e+01,-1.242909427821902391e+00,-1.128611276105559780e+00,2.067797192803720596e-03,3.389056711565487795e-02,-1.802600678040675378e-02,2.724465541310043797e-03,4.599911985975893092e-04,-5.492518008297300888e-05
2.680038833618164062e+01,-1.281323491654432267e+00,-1.128611276105559780e+00,1.597485498383493380e-03,3.389056711565487795e-02,-1.882245113738950995e-02,2.724465541310043797e-03,4.760468140045371038e-04,-5.492518008297300888e-05
2.690031480789184570e+01,-1.277438698757562108e+00,-1.130890439190347152e+00,9.866588619738027310e-04,3.298846861839756228e-02,-3.841058541180986802e-02,2.214727948158741813e-02,9.499956076317167802e-04,-4.343180637491904405e-04
2.700037240982055664e+01,-1.276506525071866571e+00,-1.130346434547019774e+00,3.741624147060203243e-04,3.203513149926821152e-02,-9.206143976077062890e-03,-5.738551291422560284e-03,2.316729748661516038e-04,1.738057550898579025e-04
2.710040092468261719e+01,-1.274189184779612072e+00,-1.131111099300699863e+00,-1.902385743444909294e-04,3.109278832926048661e-02,-2.307514521521747061e-02,7.503408954193737518e-03,5.696959817174860035e-04,-1.747531139341370395e-04
2.720051121711730957e+01,-1.274191445909922837e+00,-1.129982416503365839e+00,-6.980123213316639930e-04,3.017094315111878283e-02,-6.481833680125264696e-04,-1.070890755805962470e-02,2.496738708261681062e-05,2.259867922796872917e-04
2.730074286460876465e+01,-1.273169268729844372e+00,-1.129802818449375357e+00,-1.169222219211212693e-03,2.925304580567526791e-02,-1.013678257925783657e-02,-2.044791108665764117e-03,2.408026200369764089e-04,9.393711896868824551e-05
2.740034627914428711e+01,-1.274857417314844366e+00,-1.127287262404826906e+00,-1.619926703521804012e-03,2.838336628888459695e-02,1.627773543847587170e-02,-2.480736869365635436e-02,-3.524646592995391492e-04,6.025842605760759916e-04
2.750027537345886230e+01,-1.274851729995115646e+00,-1.126396836852958439e+00,-2.029525251088435539e-03,2.748664781005150451e-02,-2.779761945860149269e-04,-8.769781927961970217e-03,1.359902015922766013e-05,1.881917333362424674e-04
2.761401486396789551e+01,-1.274851729995115646e+00,-1.126396836852958439e+00,-2.029525251088435539e-03,2.748664781005150451e-02,-2.779761945860149269e-04,-8.769781927961970217e-03,1.359902015922766013e-05,1.881917333362424674e-04
2.770084857940673828e+01,-1.236231444585163208e+00,-1.125858053179518814e+00,-2.360978254552427436e-03,2.576014133368126346e-02,-1.327086032362144626e-02,5.071115903955179978e-03,3.080900334846643275e-04,-8.374036232259489485e-05
2.780040621757507324e+01,-1.235984825182367963e+00,-1.125660593895030148e+00,-2.698991681354945965e-03,2.488706050032774009e-02,-2.467772232195722740e-03,-2.194340217985723141e-03,4.988633993348414911e-05,9.270045860699210720e-05
2.790037679672241211e+01,-1.234071616351507972e+00,-1.126695200101951677e+00,-3.019330382347425179e-03,2.402105649818054786e-02,-1.908670367305387305e-02,1.025596333562983457e-02,4.142082066559225201e-04,-2.041333017789102974e-04
2.800026011466979980e+01,-1.232948686047465436e+00,-1.127148337082219509e+00,-3.309639683241806518e-03,2.317124438299238143e-02,-1.117503688848315788e-02,4.365584754477434999e-03,2.490387172573781485e-04,-6.764380742106798280e-05
2.810044050216674805e+01,-1.229805696688307526e+00,-1.129361240333517147e+00,-3.561172590882483169e-03,2.235359438728123233e-02,-3.134798804652589449e-02,2.203982082470121173e-02,6.600679373923307169e-04,-5.166940633772991193e-04
2.820032501220703125e+01,-1.228225642747389212e+00,-1.130164120064727440e+00,-3.783676488382261421e-03,2.152106730579907493e-02,-1.585667446589364774e-02,7.997170756249848828e-03,3.356085500924708585e-04,-1.530171817824635145e-04
2.830025887489318848e+01,-1.226589448183558639e+00,-1.130756391527657945e+00,-3.954024598734843382e-03,2.071179875683396010e-02,-1.634581797538397704e-02,5.819908235098766348e-03,3.288399239835042786e-04,-1.053703973434346602e-04
2.840028738975524902e+01,-1.226238789679112040e+00,-1.130148126021776278e+00,-4.100499856788127062e-03,1.992867853232110215e-02,-3.381256845345877518e-03,-6.257743451696122852e-03,7.612375342073570100e-05,1.751088923239924923e-04
2.850041866302490234e+01,-1.225932518129805304e+00,-1.129268040211054203e+00,-4.256352376916620883e-03,1.914489577734845849e-02,-3.012496020465201506e-03,-8.917349474936249812e-03,5.724912230595047638e-05,2.374708217088980424e-04
2.860061645507812500e+01,-1.226533119530589966e+00,-1.127558417842834393e+00,-4.380983816750127352e-03,1.840514471285094322e-02,5.568329067618429419e-03,-1.668511273596302164e-02,-1.009919975832406462e-04,4.175701969005024962e-04
2.870090126991271973e+01,-1.227258255621310967e+00,-1.125890441483942350e+00,-4.529764402993852190e-03,1.765366599598919284e-02,7.363387533283537872e-03,-1.686941282780848872e-02,-1.369063459994106615e-04,4.249576694902327872e-04
2.880034065246582031e+01,-1.228591922783203838e+00,-1.123719162167265750e+00,-4.647679726765011066e-03,1.691992072129709299e-02,1.290547963233218930e-02,-2.135174593648819091e-02,-2.482501592038943608e-04,5.025328321558502828e-04
2.890067076683044434e+01,-1.229992553733342708e+00,-1.121651548716097624e+00,-4.741658327258990030e-03,1.620613561138421060e-02,1.378629687419541221e-02,-2.057996633001490244e-02,-2.555227275190975885e-04,5.063218993230900709e-04
2.900031328201293945e+01,-1.231807939805573904e+00,-1.119390418119612596e+00,-4.835248311240963881e-03,1.551046763242716620e-02,1.786108706916762420e-02,-2.247520452064137239e-02,-3.303465942710988269e-04,5.507877101890615952e-04
2.910060286521911621e+01,-1.230762553845039076e+00,-1.120168269805581041e+00,-4.884562265242739509e-03,1.490590839793691155e-02,-9.940988714827108524e-03,7.060558167713107923e-03,1.793209316823863621e-04,-1.400614932916895324e-04
2.920039248466491699e+01,-1.231295394827941703e+00,-1.119546258966730212e+00,-4.948384693410721319e-03,1.421852795835401063e-02,5.222266183375779552e-03,-6.338998585116469367e-03,-1.003133297758448424e-04,1.709656090382060984e-04
2.930067110061645508e+01,-1.229646699241162544e+00,-1.120887150616653338e+00,-4.998181505480273068e-03,1.355393900464120505e-02,-1.598838572898821087e-02,1.283933168157493435e-02,2.905085721891647330e-04,-2.700241907311041979e-04
2.941381669044494629e+01,-1.229646699241162544e+00,-1.120887150616653338e+00,-4.998181505480273068e-03,1.355393900464120505e-02,-1.598838572898821087e-02,1.283933168157493435e-02,2.905085721891647330e-04,-2.700241907311041979e-04
2.950038981437683105e+01,-1.227050954195225474e+00,-1.122934519943052489e+00,-5.021646464847359659e-03,1.227829950880490392e-02,-2.061900235800514375e-02,1.675914883107706629e-02,3.699188186583185489e-04,-3.629917702162672923e-04
2.960090041160583496e+01,-1.225845230421734433e+00,-1.123846012929446747e+00,-4.997698690198084520e-03,1.166594135076963988e-02,-1.205304659060023147e-02,9.067020344347210756e-03,2.119604439626495177e-04,-2.091566692925936788e-04
2.970031380653381348e+01,-1.222508386072480135e+00,-1.126662829306855240e+00,-4.956817808351568488e-03,1.107782836564959530e-02,-3.284796559527942972e-02,2.765711150421864412e-02,5.770635897051586746e-04,-6.240110629856002959e-04
2.980420804023742676e+01,-1.222508386072480135e+00,-1.126662829306855240e+00,-4.956817808351568488e-03,1.107782836564959530e-02,-3.284796559527942972e-02,2.765711150421864412e-02,5.770635897051586746e-04,-6.240110629856002959e-04
2.990054893493652344e+01,-1.217772814748645294e+00,-1.130167598984304744e+00,-4.851255522280776417e-03,9.938546980823040333e-03,-3.115906545592367696e-02,2.364248525078834276e-02,5.393505997471149992e-04,-5.312702734228614198e-04
3.000317311286926270e+01,-1.217772814748645294e+00,-1.130167598984304744e+00,-4.851255522280776417e-03,9.938546980823040333e-03,-3.115906545592367696e-02,2.364248525078834276e-02,5.393505997471149992e-04,-5.312702734228614198e-04
3.010039114952087402e+01,-1.253516263799924202e+00,-1.129759315369550210e+00,-4.912820118212618548e-03,9.411976456860787765e-03,-3.491214814581249971e-03,-4.174463207272069085e-03,5.815878667779970609e-05,9.267857855870018471e-05
3.020030140876770020e+01,-1.251984066014520947e+00,-1.130092507608448038e+00,-4.767002834890735757e-03,8.899467661644122618e-03,-1.541786075402589058e-02,3.525585535594500091e-03,2.603262749699024390e-04,-5.848770494517781124e-05
3.030027651786804199e+01,-1.253626311344021804e+00,-1.127563764523608514e+00,-4.610728064529400622e-03,8.408281658561649746e-03,1.595784690147604087e-02,-2.477738431533296412e-02,-2.894267679610927927e-04,5.622331761557025284e-04
3.040029382705688477e+01,-1.253503439205429615e+00,-1.126556023825681985e+00,-4.418196439518254359e-03,7.930635805997010568e-03,-1.133512624840949529e-03,-1.014978952926928572e-02,1.959562646679244773e-05,2.225604198901064731e-04
3.050030970573425293e+01,-1.255748276014138964e+00,-1.123484766787616884e+00,-4.266796605672397436e-03,7.471463125233585023e-03,2.181206610776956559e-02,-3.020338330378062250e-02,-3.817173906121064126e-04,6.753956745669577062e-04
3.060087966918945312e+01,-1.255245095125266053e+00,-1.122991219032066557e+00,-4.067009603501103160e-03,7.016125174308111140e-03,-4.918915800774452222e-03,-5.031604598531121651e-03,8.179174071555837800e-05,1.108704233373211179e-04
3.070027184486389160e+01,-1.256409152497675485e+00,-1.121139264182155593e+00,-3.922204144720484176e-03,6.578965999911715046e-03,1.168008819342791597e-02,-1.857111768790134509e-02,-2.028823421691810776e-04,3.979825120711847296e-04
3.080040597915649414e+01,-1.219992753315036316e+00,-1.121312153194386374e+00,-3.768108208764105876e-03,6.161927512135026430e-03,-8.788610201942098979e-03,1.322858683264569162e-03,1.450839297864476023e-04,-1.452197791273243909e-05
3.090031599998474121e+01,-1.220402312168905379e+00,-1.120231281519490585e+00,-3.625550216580231133e-03,5.760547396990080976e-03,3.926031291952520284e-03,-1.065419623989263820e-02,-7.316978272850836837e-05,2.287023922673370548e-04
3.100033116340637207e+01,-1.219143706611349964e+00,-1.120703060107656857e+00,-3.445100893006286524e-03,5.378757797942061020e-03,-1.223320073098233679e-02,4.366862806439846326e-03,2.041317469961894608e-04,-7.852084843106416068e-05
3.110017609596252441e+01,-1.218784184558120653e+00,-1.120291478841481281e+00,-3.279550888778140494e-03,5.013281813864563924e-03,-3.613645161418077654e-03,-4.094931350593421053e-03,5.578905455646498122e-05,9.873059975798836158e-05
3.120059061050415039e+01,-1.216154524773967349e+00,-1.121996356454000754e+00,-3.100020854172488155e-03,4.663437381629303990e-03,-2.584317578956892708e-02,1.656176883562205521e-02,4.394210279216713834e-04,-3.315069310486860312e-04
3.130026030540466309e+01,-1.215181417195318359e+00,-1.122056206199538941e+00,-2.862823807638668200e-03,4.331222856698520307e-03,-9.645594745020366970e-03,5.320000416481056749e-04,1.655975316386052842e-04,-5.028850167880597904e-06
3.140037941932678223e+01,-1.212590631937755070e+00,-1.123588569203040510e+00,-2.594298199485922662e-03,4.017283439100953479e-03,-2.590346603435713518e-02,1.535606498680909017e-02,4.498968926228483342e-04,-3.089500833550274175e-04
3.150032281875610352e+01,-1.211327461160508268e+00,-1.123805945869480905e+00,-2.299241652012597170e-03,3.718816016231037136e-03,-1.275289854588173254e-02,2.334487100506145180e-03,2.169211071263892944e-04,-4.458195985436372831e-05
3.160296082496643066e+01,-1.211327461160508268e+00,-1.123805945869480905e+00,-2.299241652012597170e-03,3.718816016231037136e-03,-1.275289854588173254e-02,2.334487100506145180e-03,2.169211071263892944e-04,-4.458195985436372831e-05
3.170040059089660645e+01,-1.208950562668235307e+00,-1.123859533933567745e+00,-1.869701830093096345e-03,3.177479909330586938e-03,5.969968293118943590e-04,-1.189152472116705023e-02,-1.246260042927530655e-05,2.460109267820128525e-04
3.180040359497070312e+01,-1.208194805203072653e+00,-1.123319431919084455e+00,-1.617331026214030576e-03,2.933245105438388178e-03,-7.498840806971206543e-03,-5.419585608823836165e-03,1.307550222489075274e-04,1.132828861314948729e-04
3.191617274284362793e+01,-1.208194805203072653e+00,-1.123319431919084455e+00,-1.617331026214030576e-03,2.933245105438388178e-03,-7.498840806971206543e-03,-5.419585608823836165e-03,1.307550222489075274e-04,1.132828861314948729e-04
3.200031876564025879e+01,-1.210532979182565638e+00,-1.118622769461152799e+00,-1.150540883492211924e-03,2.484412904800798599e-03,4.625278811626754548e-03,-1.568590385146968053e-02,-8.628056589682344074e-05,3.164448440701629747e-04
3.210036373138427734e+01,-1.212890607006720467e+00,-1.115281391005829903e+00,-8.558631246845249674e-04,2.284011707020482812e-03,2.282001306380099584e-02,-3.259581058354227984e-02,-4.259251174178442859e-04,6.445348064025643994e-04
3.220032620429992676e+01,-1.214151619613659250e+00,-1.113241279261909966e+00,-5.988885717828594524e-04,2.099318492155312355e-03,1.238172688124420696e-02,-2.031617959555761729e-02,-2.338042725136839817e-04,4.065329813741488593e-04
3.230016040802001953e+01,-1.216691023346436085e+00,-1.110115475025553300e+00,-2.907554969850088822e-04,1.927447360846056695e-03,2.549722422433045935e-02,-3.130469497303617343e-02,-4.877898956103748993e-04,6.142968602760643217e-04
3.240065693855285645e+01,-1.216951350069593429e+00,-1.109435710729621993e+00,-8.433712707660301344e-05,1.771148680325497493e-03,2.934576349263616230e-03,-7.044710573758579744e-03,-6.356408458516934351e-05,1.394127098414427862e-04
3.250044989585876465e+01,-1.218088093452876386e+00,-1.108130340956186677e+00,1.840998488986562986e-04,1.626065776189622447e-03,1.133200374142342981e-02,-1.316782034338257606e-02,-2.272623416846248690e-04,2.630938981486025791e-04
3.261399579048156738e+01,-1.218088093452876386e+00,-1.108130340956186677e+00,1.840998488986562986e-04,1.626065776189622447e-03,1.133200374142342981e-02,-1.316782034338257606e-02,-2.272623416846248690e-04,2.630938981486025791e-04
3.271102809906005859e+01,-1.216469021906413372e+00,-1.109448610766097687e+00,4.597397651525912676e-04,1.489385123523135485e-03,-1.554273963429688744e-02,1.259956333704521404e-02,2.925237857548199246e-04,-2.421837668185694526e-04
3.280036020278930664e+01,-1.214119216981116578e+00,-1.111370062977804052e+00,4.168004411388807895e-04,1.264899138983147792e-03,-2.215656656131210697e-02,1.869248728976918156e-02,4.271943429772334091e-04,-3.560900871103655119e-04
3.290032005310058594e+01,-1.213026556972486292e+00,-1.112282277546632114e+00,2.027485641650297876e-04,1.170037772772272028e-03,-1.087708569705293608e-02,9.041971306341966760e-03,2.025516019918548627e-04,-1.695874695573873177e-04
3.300035357475280762e+01,-1.210428812974612578e+00,-1.114509800561658270e+00,-4.014340242883968068e-05,1.086989318761874546e-03,-2.597190006777593679e-02,2.230131994079614238e-02,4.937595970792778115e-04,-4.273473560168051882e-04
3.310022449493408203e+01,-1.208774952744440023e+00,-1.115880052017671487e+00,-2.154195478791011420e-04,1.009856967878790951e-03,-1.656282646314076457e-02,1.372589304440913725e-02,3.095903129499157601e-04,-2.632681532062358795e-04
3.320018625259399414e+01,-1.207318508281889358e+00,-1.116817753174767391e+00,-3.783442009390181049e-04,9.395552819505895159e-04,-1.449992456130626793e-02,9.366013456095043099e-03,2.760546947157832423e-04,-1.785175160808263742e-04
3.330033302307128906e+01,-1.206697486785310636e+00,-1.151173376387450320e+00,-4.530888141110918366e-04,9.140064949409443251e-04,-6.110446933654118708e-03,3.237639098751873704e-04,1.167651793533816583e-04,-4.832101482845323582e-06
3.340041160583496094e+01,-1.240378755312575798e+00,-1.116941978454723650e+00,-4.717676492155924162e-04,8.748348250886724131e-04,-6.640116065082826875e-03,1.168591779230513305e-03,1.275485398725218563e-04,-2.153154209785780821e-05
3.350035285949707031e+01,-1.239939957182966568e+00,-1.116619653857146233e+00,-3.855355125387920079e-04,8.147653192590309512e-04,-4.689385884784294349e-03,-2.916819363134356968e-03,8.580923802121790658e-05,5.728842881345820972e-05
3.360373663902282715e+01,-1.239939957182966568e+00,-1.116619653857146233e+00,-3.855355125387920079e-04,8.147653192590309512e-04,-4.689385884784294349e-03,-2.916819363134356968e-03,8.580923802121790658e-05,5.728842881345820972e-05
3.370030045509338379e+01,-1.240529573630004379e+00,-1.114592720828487149e+00,-4.933528209636467432e-05,7.054372036211960240e-04,3.764790824364874604e-03,-1.032516330110124468e-02,-7.318876439654050834e-05,1.990592227683175386e-04
3.380036854743957520e+01,-1.241409339772036713e+00,-1.113101813719117761e+00,2.677464096042699027e-04,6.558694193567332631e-04,8.469956777224280434e-03,-1.459886013522641163e-02,-1.648878390454493388e-04,2.799791721640695376e-04
3.390049147605895996e+01,-1.242402540539228051e+00,-1.111627508096088901e+00,6.814016511021529776e-04,6.097349818834710278e-04,9.698991721752567990e-03,-1.455719722614614610e-02,-1.943681873213241353e-04,2.793036122800238879e-04
3.400153398513793945e+01,-1.243682241366069752e+00,-1.109925781080117746e+00,1.141037670048652974e-03,5.671388451009250209e-04,1.250731940577724279e-02,-1.682496456229890663e-02,-2.515476755348485145e-04,3.226404767691657739e-04
3.410028481483459473e+01,-1.244978992216436930e+00,-1.108343959383069510e+00,1.719981759866266030e-03,5.286750831001336970e-04,1.275650840780641858e-02,-1.559277616021986258e-02,-2.624883542337563260e-04,2.972044690291633499e-04
3.420030045509338379e+01,-1.241525358721263128e+00,-1.111594341555553811e+00,2.310759815788751559e-03,4.875124627041829695e-04,-3.410046995442744117e-02,3.197206490659940809e-02,7.235481560697448744e-04,-6.181619674710096563e-04
3.430016851425170898e+01,-1.241606095812929800e+00,-1.111465502877463596e+00,3.036554330963760207e-03,4.608739916197659992e-04,7.496857424437797842e-04,-1.300973882023032926e-03,-3.483185672164942545e-05,3.050080718294598107e-05
3.440059852600097656e+01,-1.238124415326312677e+00,-1.114849043930010941e+00,3.744837334151703695e-03,4.481305894828251091e-04,-3.419777250809575425e-02,3.315123392511818562e-02,7.595773408594692260e-04,-6.314812470589039684e-04
3.450033688545227051e+01,-1.204446049497008175e+00,-1.115584668889524789e+00,3.637171167531254301e-03,4.399041578454325474e-04,-6.696099091367813116e-03,7.509708365158927756e-03,1.435765558784781446e-04,-1.402963109631897545e-04
3.460034942626953125e+01,-1.201190057986179172e+00,-1.118477090438594335e+00,4.461621174644915533e-03,4.465407281123469352e-04,-3.246108610252746579e-02,2.893775721412816110e-02,7.301650649864577973e-04,-5.507135535447918017e-04
3.470031237602233887e+01,-1.200104799341719319e+00,-1.119256524753862392e+00,5.328710623626081722e-03,4.606363044213253322e-04,-1.077296075431777300e-02,7.758115639931201235e-03,2.551120229517848340e-04,-1.497245856474110513e-04
3.480911898612976074e+01,-1.200104799341719319e+00,-1.119256524753862392e+00,5.328710623626081722e-03,4.606363044213253322e-04,-1.077296075431777300e-02,7.758115639931201235e-03,2.551120229517848340e-04,-1.497245856474110513e-04
3.490045380592346191e+01,-1.195950972579229221e+00,-1.121940965007485858e+00,7.333378081340276300e-03,5.336595655186168741e-04,-1.196554464506264549e-02,4.888090218682516856e-03,3.065681385848941670e-04,-9.394671990859872885e-05
3.500038790702819824e+01,-1.193402385892534667e+00,-1.123352650874167358e+00,8.496114341463394809e-03,5.935949176183417941e-04,-2.515254088994937562e-02,1.404391771028539945e-02,6.560634469171273530e-04,-2.707240973542064753e-04
3.510029649734497070e+01,-1.192423467140813376e+00,-1.123301055748685773e+00,9.126589225492972440e-03,6.693653473103383655e-04,-9.988961644633316539e-03,-1.731069354615495778e-04,2.509032258215527752e-04,2.322241461512804679e-06
3.520039916038513184e+01,-1.191810811334584885e+00,-1.122570750038045517e+00,9.796397662174518434e-03,7.353740451084000984e-04,-6.348880387865593264e-03,-7.034296259431963537e-03,1.838487725430149034e-04,1.342339658885400623e-04
3.530055880546569824e+01,-1.191985868573555152e+00,-1.121041156206012745e+00,1.067548520576874424e-02,8.278363392728096959e-04,1.901218520953601963e-03,-1.527461342426536008e-02,-8.434777051574929188e-05,2.989232065334557946e-04
3.540021371841430664e+01,-1.192703259366134860e+00,-1.118622906105718684e+00,1.179703258993168580e-02,9.319561341610237137e-04,6.850146815937768405e-03,-2.370171394598495629e-02,-2.338655226887583079e-04,4.616521335542918703e-04
3.550036764144897461e+01,-1.194030039434835766e+00,-1.115933984957971692e+00,1.298873554907905431e-02,1.054721299858916994e-03,1.346090485967697294e-02,-2.698944282184327637e-02,-4.356967833788016713e-04,5.350800574897707088e-04
3.560500264167785645e+01,-1.194030039434835766e+00,-1.115933984957971692e+00,1.298873554907905431e-02,1.054721299858916994e-03,1.346090485967697294e-02,-2.698944282184327637e-02,-4.356967833788016713e-04,5.350800574897707088e-04
3.570063543319702148e+01,-1.195714591682365047e+00,-1.112733940246181330e+00,1.446125872502022902e-02,1.196778408512729625e-03,1.663766065686125145e-02,-3.156047781277521169e-02,-5.899723231491519910e-04,6.261397311801380865e-04
3.580458331108093262e+01,-1.197818937351269986e+00,-1.109466749924441498e+00,1.602443536566186891e-02,1.358790201253061436e-03,2.084606622143668833e-02,-3.233637429318288181e-02,-7.760959165998704149e-04,6.477275266949670054e-04
3.590782570838928223e+01,-1.200085139017756264e+00,-1.106070664947133686e+00,1.754432843558426797e-02,1.541656565160570008e-03,2.259985281535924553e-02,-3.361763054476468032e-02,-8.759459998790614273e-04,6.788696837053258834e-04
3.600030517578125000e+01,-1.199847318766481319e+00,-1.104683778568715358e+00,2.087808654269657574e-02,1.982000052798867096e-03,9.611228574336709574e-03,-1.798750676626645686e-02,-4.390918336818177680e-04,3.724813525693364377e-04
3.610032248497009277e+01,-1.198161597813756307e+00,-1.105766534406847024e+00,2.247891555414413198e-02,2.298739288897261313e-03,-1.589156008957199814e-02,1.010108221674673075e-02,6.290787810137395044e-04,-2.155886371903294543e-04
3.620029711723327637e+01,-1.198172914950516699e+00,-1.104991195148532945e+00,2.454388824686770665e-02,2.636007098007066979e-03,6.460117480057308605e-04,-7.839365303840814536e-03,-8.529015484359786905e-05,1.701047177940896520e-04
3.630030703544616699e+01,-1.196338889247276160e+00,-1.106345576151682941e+00,2.612588282828870803e-02,3.006181302708341163e-03,-1.797046999758888583e-02,1.349232302698701036e-02,8.436490382208608561e-04,-2.932540727358755989e-04
3.640035009384155273e+01,-1.195789833645370503e+00,-1.106313731855190996e+00,2.830908500669723771e-02,3.401715135982561616e-03,-4.955484373727433133e-03,-2.971110984617049574e-04,1.898043848801207896e-04,-1.326282958773694001e-06
3.650036215782165527e+01,-1.193740780215036157e+00,-1.107853800852931281e+00,3.056598610762304574e-02,3.828183364455606946e-03,-1.949005192288187291e-02,1.505635698255354364e-02,9.629338883975074870e-04,-3.506712837538032679e-04
3.660018444061279297e+01,-1.192726754116884225e+00,-1.108279833665695380e+00,3.340857615676986331e-02,4.282073401254058581e-03,-9.336852127636727228e-03,4.328753489593149296e-03,5.257080945925244079e-04,-1.100618639575598603e-04
3.670030927658081055e+01,-1.224602747265542524e+00,-1.108279833665695380e+00,3.726357196996665788e-02,4.282073401254058581e-03,-9.318357033723020239e-03,4.328753489593149296e-03,4.782761159362217498e-04,-1.100618639575598603e-04
3.680029726028442383e+01,-1.222418652104083403e+00,-1.109783972691543941e+00,3.937720876759759348e-02,4.772021574163898272e-03,-2.071755626999225927e-02,1.485382325966404064e-02,1.195376161535665650e-03,-3.677527872860463041e-04
3.690084671974182129e+01,-1.222340240397238764e+00,-1.109155629382359010e+00,4.288851318712726124e-02,5.188863017724910237e-03,6.346971860082369554e-04,-6.328647301915396074e-03,-4.896295508227402679e-05,1.536750788172277908e-04
3.700029206275939941e+01,-1.221584321880638813e+00,-1.109221372405741812e+00,4.611612516397694400e-02,5.655829759503475107e-03,-6.273133806754500191e-03,8.002474620148281124e-04,3.609063619561496536e-04,-3.492214213889643947e-05
3.710070061683654785e+01,-1.223074012403506439e+00,-1.106950583037781710e+00,4.953305778310906904e-02,6.116188461419220374e-03,1.567659919634494317e-02,-2.192894935735576270e-02,-1.239644634908782265e-03,5.458501820048221971e-04
3.720788121223449707e+01,-1.223074012403506439e+00,-1.106950583037781710e+00,4.953305778310906904e-02,6.116188461419220374e-03,1.567659919634494317e-02,-2.192894935735576270e-02,-1.239644634908782265e-03,5.458501820048221971e-04
3.730021476745605469e+01,-1.225137441818537232e+00,-1.103796395929651508e+00,5.680785747200559760e-02,7.296528349897996035e-03,1.936080865529426001e-02,-2.339621640557779797e-02,-1.691893393024013377e-03,6.160557808807294458e-04
3.740034461021423340e+01,-1.225968804639901988e+00,-1.102615614330473282e+00,6.075998950907767621e-02,7.967357507195193395e-03,1.040091168301929790e-02,-1.175917381127385142e-02,-1.019665510809138372e-03,3.125750604963363965e-04
3.750068020820617676e+01,-1.229036032132461376e+00,-1.099414049403395488e+00,6.426582058872550018e-02,8.612259798730804300e-03,3.273102677115922315e-02,-3.198162015887245219e-02,-2.976400711375853329e-03,9.101953701757734255e-04
3.760775375366210938e+01,-1.229036032132461376e+00,-1.099414049403395488e+00,6.426582058872550018e-02,8.612259798730804300e-03,3.273102677115922315e-02,-3.198162015887245219e-02,-2.976400711375853329e-03,9.101953701757734255e-04
3.770019960403442383e+01,-1.230614664825520954e+00,-1.098040850038338956e+00,7.071230810301089298e-02,1.058239368713739109e-02,1.662497210248117807e-02,-1.343455983421444969e-02,-1.801452219070629737e-03,4.117593616997304281e-04
3.780030417442321777e+01,-1.198506820142330787e+00,-1.099203772524212308e+00,6.853679296065456894e-02,1.163520010853890188e-02,-6.262050775443181796e-03,1.136588501308957548e-02,4.951278325264887653e-04,-3.887617131654586542e-04
3.790029978752136230e+01,-1.198748899149870040e+00,-1.099180925685796506e+00,7.155013706110392724e-02,1.273793983357477191e-02,4.641619834499669493e-03,-1.283013084061558010e-04,-6.053279963587248139e-04,-1.493970700787866114e-05
3.800044894218444824e+01,-1.197271120467563676e+00,-1.101049684925001326e+00,7.220719495970900903e-02,1.389243734390719492e-02,-1.324419354193019129e-02,1.828965073995372781e-02,1.293932646743800033e-03,-6.551498512204870532e-04
3.811094832420349121e+01,-1.197271120467563676e+00,-1.101049684925001326e+00,7.220719495970900903e-02,1.389243734390719492e-02,-1.324419354193019129e-02,1.828965073995372781e-02,1.293932646743800033e-03,-6.551498512204870532e-04
3.820014739036560059e+01,-1.193841007818148059e+00,-1.105132082259951742e+00,7.481294943028664324e-02,1.624546638389636616e-02,-2.638576011367453275e-02,3.149607539619132118e-02,2.849286176554275459e-03,-1.185291226511886930e-03
3.830039811134338379e+01,-1.192670653802892833e+00,-1.106651726295351912e+00,7.511834678254622477e-02,1.752307804803145130e-02,-1.082912030999648272e-02,1.543909443317077398e-02,1.275726875439860608e-03,-6.318350313892381843e-04
3.840032434463500977e+01,-1.189961442985655982e+00,-1.109648701788225500e+00,7.632525820034503916e-02,1.883365366105611491e-02,-2.513079822019197856e-02,2.984019579158131083e-02,2.903057864173595216e-03,-1.242847564891381984e-03
3.850030422210693359e+01,-1.189699521434203211e+00,-1.110038220155366462e+00,7.534167047809887940e-02,1.993215942536298926e-02,-3.042899957710120361e-03,4.555627225815241099e-03,3.949608086690701019e-04,-2.386757238031103710e-04
3.860029864311218262e+01,-1.188500680065231574e+00,-1.111321466787660306e+00,7.362705754451474849e-02,2.109357284409379626e-02,-1.235877361420544690e-02,1.314008691496494109e-02,1.538772875958692400e-03,-6.139253760022723690e-04
3.870030784606933594e+01,-1.189265375563900662e+00,-1.110545313842241200e+00,7.250558608586700482e-02,2.228945807070421142e-02,7.511098654500067764e-03,-7.541186055326254065e-03,-9.811047472294686256e-04,3.417753375803789608e-04
3.880031180381774902e+01,-1.189300953347087297e+00,-1.110621250017014061e+00,6.867226569884085641e-02,2.351261384801527771e-02,-1.534164808885346695e-03,1.248414440450412678e-03,1.829710025043706058e-04,-1.100570052791531524e-04
3.890040874481201172e+01,-1.191553326578640215e+00,-1.108382006492385052e+00,6.533836467758821764e-02,2.467401476594565518e-02,2.103099567949401685e-02,-2.211935458777387550e-02,-2.491435914121199486e-03,1.091681194571727815e-03
3.900052881240844727e+01,-1.192429849536586817e+00,-1.107555742353582007e+00,6.159022729235963389e-02,2.592220798981118013e-02,7.014986828681358741e-03,-7.755204575778688533e-03,-7.772625327805732665e-04,3.552666955011715981e-04
3.910025811195373535e+01,-1.195024229689833906e+00,-1.105048564801456079e+00,5.827984678763085957e-02,2.714713392128081590e-02,2.452108788628059449e-02,-2.472190406388164938e-02,-2.837643338017833278e-03,1.287573839782934137e-03
3.920215392112731934e+01,-1.195024229689833906e+00,-1.105048564801456079e+00,5.827984678763085957e-02,2.714713392128081590e-02,2.452108788628059449e-02,-2.472190406388164938e-02,-2.837643338017833278e-03,1.287573839782934137e-03
3.930028843879699707e+01,-1.196804317349134728e+00,-1.103703954681545252e+00,5.142678070749816255e-02,2.982080750271361852e-02,1.378719033998772152e-02,-1.186034626379146167e-02,-1.479442106886634176e-03,6.285564215596466239e-04
3.940938496589660645e+01,-1.196804317349134728e+00,-1.103703954681545252e+00,5.142678070749816255e-02,2.982080750271361852e-02,1.378719033998772152e-02,-1.186034626379146167e-02,-1.479442106886634176e-03,6.285564215596466239e-04
3.950031590461730957e+01,-1.197058585383822482e+00,-1.103741787441919309e+00,4.540682250411197385e-02,3.216025074674140616e-02,4.999995980715170665e-03,-3.328821691065790567e-03,-4.998343819403417657e-04,1.635323402925191309e-04
3.961080193519592285e+01,-1.197058585383822482e+00,-1.103741787441919309e+00,4.540682250411197385e-02,3.216025074674140616e-02,4.999995980715170665e-03,-3.328821691065790567e-03,-4.998343819403417657e-04,1.635323402925191309e-04
3.972021961212158203e+01,-1.195314544929806155e+00,-1.105514384990543997e+00,4.251301372944560342e-02,3.325786674409133420e-02,-1.768227782075889806e-02,1.766555640487129861e-02,2.035356542078619723e-03,-1.115186639543125271e-03
3.980506968498229980e+01,-1.195167553299514740e+00,-1.105820150476251928e+00,3.998693109507976684e-02,3.418913728797950274e-02,-2.195365228662292997e-03,3.509750947609853716e-03,3.294662279806925310e-04,-2.530805393691293119e-04
3.990021824836730957e+01,-1.192657177355977982e+00,-1.108321202745307765e+00,3.504362156062437728e-02,3.578494114605746540e-02,-7.077203853854652574e-03,7.118455113869037558e-03,7.653761848500787238e-04,-4.518286264193839595e-04
4.000018429756164551e+01,-1.190884309099021765e+00,-1.110008478001889953e+00,3.302711995370735676e-02,3.644631177138785150e-02,-1.816403879264398211e-02,1.725052112279007802e-02,1.972014033261058636e-03,-1.170958315121433876e-03
4.010029387474060059e+01,-1.222468796555848058e+00,-1.110008478001889953e+00,3.218672925242574423e-02,3.644631177138785150e-02,-1.819440509777809148e-02,1.725052112279007802e-02,1.959120839309925772e-03,-1.170958315121433876e-03
4.020044636726379395e+01,-1.222870678167016445e+00,-1.109545376029188901e+00,3.020461640595227537e-02,3.691358539127297805e-02,3.566150686411990317e-03,-4.283625849098395000e-03,-3.651087428449142718e-04,2.906611218623023681e-04
4.030029869079589844e+01,-1.222451548504325025e+00,-1.109740375499889131e+00,2.841993797677574984e-02,3.731337677268672243e-02,-4.534481798352809137e-03,2.311446728399658285e-03,5.012816076737646202e-04,-1.421028089711163210e-04
4.040030169486999512e+01,-1.224680346825071542e+00,-1.107658392022314420e+00,2.691328894072474165e-02,3.772368263893201984e-02,2.114651968597987611e-02,-1.973935251914006941e-02,-2.149630833036433267e-03,1.386916276671790052e-03
4.050033378601074219e+01,-1.225362230796361862e+00,-1.106950039171278100e+00,2.525854142463077046e-02,3.798985051954146402e-02,6.377926254825409813e-03,-6.686836877926614041e-03,-5.918178665980935397e-04,4.400595133547729933e-04
4.060025739669799805e+01,-1.227922098979315368e+00,-1.104662275124891568e+00,2.356846702888874823e-02,3.820245968242682449e-02,2.460186849493940786e-02,-2.197047218379447053e-02,-2.482177867639308831e-03,1.581116140850596192e-03
4.070029354095458984e+01,-1.229319307803268702e+00,-1.103481220772670301e+00,2.204380951087474283e-02,3.835564206272870647e-02,1.362032232679220682e-02,-1.150475059062772663e-02,-1.354962415864001575e-03,8.524893639614820494e-04
4.080023336410522461e+01,-1.230821164146211011e+00,-1.102493860112635948e+00,2.033992288858139930e-02,3.852892792401701322e-02,1.463269523516856456e-02,-9.640931668296586626e-03,-1.430312598749042307e-03,7.246855635454521431e-04
4.090700817108154297e+01,-1.230821164146211011e+00,-1.102493860112635948e+00,2.033992288858139930e-02,3.852892792401701322e-02,1.463269523516856456e-02,-9.640931668296586626e-03,-1.430312598749042307e-03,7.246855635454521431e-04
4.100032687187194824e+01,-1.200056132246850149e+00,-1.102505243470311980e+00,1.808617190613923120e-02,3.864629033498221539e-02,5.593141596387886383e-03,-6.586599012393743856e-04,-5.297973123354531109e-04,4.548987160953896311e-05
4.110041618347167969e+01,-1.199686973734223949e+00,-1.103274865473336641e+00,1.631988625249794489e-02,3.861904301680800511e-02,-3.605043423172580360e-03,7.561950265121549289e-03,3.960304570890638251e-04,-6.333986311180157813e-04
4.120036387443542480e+01,-1.199452621924391060e+00,-1.103952268802320891e+00,1.474772240987004546e-02,3.853044195045474823e-02,-2.366764639453802777e-03,6.759949282825128240e-03,2.859275543918523058e-04,-5.456075135409826698e-04
4.130037808418273926e+01,-1.198666951374782297e+00,-1.105236304610593523e+00,1.264447424878842319e-02,3.838347708013325338e-02,-7.811889781459370116e-03,1.268677443186460620e-02,8.174044484611456968e-04,-1.034969443420402126e-03
4.140040707588195801e+01,-1.198007536153472108e+00,-1.106414886634705219e+00,1.075903035785927275e-02,3.817998430689958922e-02,-6.790972403914264169e-03,1.188030855287246050e-02,6.827835258859617966e-04,-9.754802001877237432e-04
4.150036215782165527e+01,-1.198068182703440954e+00,-1.106756795836999041e+00,8.706915311077076391e-03,3.788315787492873427e-02,3.382963526819864541e-04,3.634097065879952296e-03,2.431471727505713024e-05,-3.002178451887277367e-04
4.160031676292419434e+01,-1.198269086158256558e+00,-1.107234374662615206e+00,6.816189297689526083e-03,3.755337442317632779e-02,1.769647147449061484e-03,4.893829115957078722e-03,-1.113286602213873827e-04,-4.082915623658854923e-04
4.170036530494689941e+01,-1.199055138136336796e+00,-1.107033558812225316e+00,4.856055636524733710e-03,3.717879058794006097e-02,7.514015623862727727e-03,-1.729931214576530246e-03,-6.703334775996166008e-04,1.450614294485615499e-04
4.180040192604064941e+01,-1.198587695348045434e+00,-1.108277199817215619e+00,3.042182178527391700e-03,3.728801936011125195e-02,-4.508277904984777859e-03,1.240464712744007887e-02,4.363192381803788567e-04,-1.080661458375235025e-03
4.190053105354309082e+01,-1.198599335547128053e+00,-1.108886558238836750e+00,1.566838896717950846e-03,3.677450941834980308e-02,7.272429139118118026e-05,6.110166998524562722e-03,4.876509912292474402e-05,-5.437381809607388971e-04
4.200042819976806641e+01,-1.197702609459545986e+00,-1.110541490774418216e+00,1.776243267726518305e-04,3.622008611778876341e-02,-8.744539103199437668e-03,1.628267623156715374e-02,8.026888786371639715e-04,-1.424181858353263741e-03
4.210030531883239746e+01,-1.197265184135194449e+00,-1.111373818409149505e+00,-1.161230239857716229e-03,3.562536811636721201e-02,-4.332272788001183261e-03,8.229507528175574946e-03,4.354166839198195336e-04,-7.316261366625521293e-04
4.220040774345397949e+01,-1.196128600651920282e+00,-1.112901407078520144e+00,-2.528287074975738014e-03,3.498426276979844929e-02,-1.131601241740013385e-02,1.523465822568853371e-02,1.020606744572056428e-03,-1.299544687931237065e-03
4.230059933662414551e+01,-1.195501449918040970e+00,-1.113723148905297222e+00,-3.702339673514257190e-03,3.429276863192474989e-02,-6.225302205134260539e-03,8.218606847484806119e-03,5.874260900996256191e-04,-7.070931324035332338e-04
4.240035557746887207e+01,-1.194429974475299971e+00,-1.114989394638942422e+00,-4.843528020183132665e-03,3.357139806206596577e-02,-1.052688607686627642e-02,1.238391879113254213e-02,9.394416021356036999e-04,-1.095703839934234316e-03
4.250028491020202637e+01,-1.193704965557567999e+00,-1.115631043363172870e+00,-6.074096485895782993e-03,3.281531161469646019e-02,-7.160486530690730704e-03,6.419154700280736876e-03,6.128067564242990935e-04,-5.486429148960397968e-04
4.260032606124877930e+01,-1.192728477746696658e+00,-1.116504520405424472e+00,-7.179219942268763588e-03,3.203271729785900357e-02,-9.589268637471629053e-03,8.529589409074304560e-03,8.056231449539741655e-04,-7.575560161255703298e-04
4.270031237602233887e+01,-1.192080407110229112e+00,-1.116845233843840157e+00,-8.314365494816872149e-03,3.121964399262835976e-02,-6.424688699133686287e-03,3.434654744033972546e-03,5.641400038111096067e-04,-2.861007462539624487e-04
4.280025267601013184e+01,-1.191303368780940675e+00,-1.117277821025408180e+00,-9.343596701519796266e-03,3.038278815682686484e-02,-7.658374271671646895e-03,4.187749571685289544e-03,6.197227744809802839e-04,-3.687619984931273746e-04
4.290030837059020996e+01,-1.223544803049584573e+00,-1.117277821025408180e+00,-1.078125865456780463e-02,3.038278815682686484e-02,-7.841638397958157480e-03,4.187749571685289544e-03,6.558874220714901344e-04,-3.687619984931273746e-04
4.300032854080200195e+01,-1.224854775870666268e+00,-1.115457045994939778e+00,-1.186410550945662945e-02,3.064362976109785697e-02,1.316524271595540321e-02,-1.781460478563174840e-02,-1.029773951356555270e-03,1.612296026385629834e-03
4.310031390190124512e+01,-1.225483493207538466e+00,-1.114225544942075485e+00,-1.308135813834120087e-02,2.964145788834132711e-02,6.197358089562342819e-03,-1.212121852901614817e-02,-4.367727036106572444e-04,1.098066636614922860e-03
4.320035338401794434e+01,-1.228380506858870236e+00,-1.110683283309013225e+00,-1.420633971841736565e-02,2.976261904966405469e-02,2.902239064066288246e-02,-3.503310421706015004e-02,-2.198160970418278504e-03,3.184288597857707747e-03
4.330040407180786133e+01,-1.228380506858870236e+00,-1.110683283309013225e+00,-1.420633971841736565e-02,2.976261904966405469e-02,2.902239064066288246e-02,-3.503310421706015004e-02,-2.198160970418278504e-03,3.184288597857707747e-03
4.340039086341857910e+01,-1.233421310893141332e+00,-1.105111163939039187e+00,-1.624634461647575523e-02,2.744483734306732425e-02,3.300131400806492754e-02,-3.512429035410626760e-02,-2.375215642578125223e-03,3.161071700377255864e-03
4.350045108795166016e+01,-1.235646770820791662e+00,-1.102903621194524453e+00,-1.739609487642036767e-02,2.631458765134678246e-02,2.233591139986369767e-02,-2.220193690328851888e-02,-1.570408311645407531e-03,2.003873744589717773e-03
4.360651612281799316e+01,-1.235646770820791662e+00,-1.102903621194524453e+00,-1.739609487642036767e-02,2.631458765134678246e-02,2.233591139986369767e-02,-2.220193690328851888e-02,-1.570408311645407531e-03,2.003873744589717773e-03
4.370043110847473145e+01,-1.241325096849594134e+00,-1.097951587933786222e+00,-1.950271079740678593e-02,2.401615279929592006e-02,2.375377228107561703e-02,-1.873297336901222007e-02,-1.652142219534259368e-03,1.669226851953283745e-03
4.380033683776855469e+01,-1.243126160218521292e+00,-1.096898352239953578e+00,-2.048172590549250660e-02,2.284184037773967502e-02,1.835464798719739499e-02,-1.100390714326302324e-02,-1.262378282840663415e-03,1.006105955434056501e-03
4.390179896354675293e+01,-1.243126160218521292e+00,-1.096898352239953578e+00,-2.048172590549250660e-02,2.284184037773967502e-02,1.835464798719739499e-02,-1.100390714326302324e-02,-1.262378282840663415e-03,1.006105955434056501e-03
4.400035023689270020e+01,-1.244659815150141124e+00,-1.097858546507135546e+00,-2.213996835011927677e-02,2.056770721993918249e-02,5.508496483698843878e-03,7.972706766723274691e-03,-3.407403386745075672e-04,-6.838603956282806803e-04
4.410048532485961914e+01,-1.211738397623840058e+00,-1.099385923814760302e+00,-2.143613998778326479e-02,1.945181147486771400e-02,-2.574000573508836674e-03,1.513305622837573042e-02,2.038392645020013132e-04,-1.319410283447930302e-03
4.420031070709228516e+01,-1.211250607290119907e+00,-1.101455358539375373e+00,-1.992512828944056902e-02,1.835068026494314497e-02,-4.848466304421079551e-03,2.010822658822121467e-02,3.445585874461744584e-04,-1.713827594202061051e-03
4.430032467842102051e+01,-1.210143852197805181e+00,-1.104006965511135530e+00,-1.867416788271496209e-02,1.726233619304060052e-02,-1.122151706916422152e-02,2.527560168676145844e-02,7.791193583072039946e-04,-2.161989158054579419e-03
4.440032505989074707e+01,-1.208814732622869093e+00,-1.106822228317842383e+00,-1.744150834258004212e-02,1.619433143449264256e-02,-1.317123061671932223e-02,2.763337350765516370e-02,8.873343139830941213e-04,-2.340420382216369839e-03
4.450029778480529785e+01,-1.207126307476098726e+00,-1.109872322553501212e+00,-1.613443019027840930e-02,1.514751589839592738e-02,-1.703855777032333221e-02,3.036782364110152815e-02,1.160195316453546026e-03,-2.576263525043137083e-03
4.460035657882690430e+01,-1.205352506844787008e+00,-1.112910932847568590e+00,-1.512217774680790772e-02,1.412727886100469121e-02,-1.766120562283196929e-02,3.005151698038537392e-02,1.185472407848611352e-03,-2.520885344255312244e-03
4.470033383369445801e+01,-1.203403224465677379e+00,-1.115942116436100973e+00,-1.407708052024958523e-02,1.313533194226042256e-02,-1.959506662980033120e-02,3.011448511041176293e-02,1.340629279698506192e-03,-2.540940178969441042e-03
4.480092144012451172e+01,-1.201333832577569982e+00,-1.118720442130028081e+00,-1.589538733074993826e-02,1.217491694135615365e-02,-2.026934126696808627e-02,2.758807353979958812e-02,1.327765574286944236e-03,-2.284582721163236178e-03
4.490029287338256836e+01,-1.199266722606739721e+00,-1.121264983564703277e+00,-1.728747362992529013e-02,1.124350621540509687e-02,-2.033701332653048074e-02,2.517742102906520701e-02,1.309701785764917897e-03,-2.085435901111253390e-03
4.500037360191345215e+01,-1.204376784442666048e+00,-1.116359670301633411e+00,-1.936940045656682097e-02,1.057382186884089914e-02,5.139607926291632489e-02,-4.883964151784713631e-02,-3.223504859616058323e-03,4.069010804783422704e-03
4.510030436515808105e+01,-1.203857234438981738e+00,-1.116821660223816348e+00,-2.127307425561202059e-02,9.700683547454319600e-03,-5.071753214096422907e-03,4.744277165170477858e-03,3.577155739504735599e-04,-4.030400774101611434e-04
4.520058703422546387e+01,-1.208816911603793454e+00,-1.111782440718431575e+00,-2.327291670270083268e-02,8.859017409278455157e-03,4.997519988582782569e-02,-5.021221104109926947e-02,-2.932402942539042226e-03,4.134220637019895249e-03
4.530039119720458984e+01,-1.209208071823520969e+00,-1.111294413815373305e+00,-2.537103007675083066e-02,8.043994218314157174e-03,4.219925021416744484e-03,-4.674700734899965918e-03,-1.625294722789796115e-04,3.741180875367639685e-04
4.540028214454650879e+01,-1.213838307847176834e+00,-1.106841643427479482e+00,-2.744530989975625668e-02,7.222229870587265621e-03,4.625982827059019198e-02,-4.397477876453360218e-02,-2.488505998204035286e-03,3.634713647705330262e-03
4.550030636787414551e+01,-1.214879566951032164e+00,-1.106080987020546136e+00,-2.906259964917710936e-02,6.402324083397997745e-03,1.085662979984165256e-02,-7.618830272323566521e-03,-5.689502438781960996e-04,6.186769566965949615e-04
4.560035657882690430e+01,-1.219133797127379015e+00,-1.102565636323664000e+00,-2.827546210661897874e-02,5.580757853876586183e-03,4.240114748199078076e-02,-3.523114429614802867e-02,-2.133921819571073328e-03,2.837505221961215181e-03
4.570030450820922852e+01,-1.220491859572531146e+00,-1.102039447843831788e+00,-2.768091595619145973e-02,4.757909859305825551e-03,1.368278766500141512e-02,-5.485717015472335416e-03,-6.498672033315332957e-04,4.384720551177262731e-04
4.580033326148986816e+01,-1.224117409685672175e+00,-1.099629626860122888e+00,-2.675926811756661194e-02,3.928486582113602243e-03,3.563766834471389366e-02,-2.372328649913200277e-02,-1.843876045876735505e-03,1.884307348756440606e-03
4.590040612220764160e+01,-1.225396227738130062e+00,-1.099673489018583084e+00,-2.574712680599676451e-02,3.104262701307133887e-03,1.250171325783695775e-02,4.075575973519931345e-04,-6.275293106118001035e-04,-2.239930911761703547e-05
4.600037622451782227e+01,-1.226937777133598972e+00,-1.099766042013230694e+00,-2.475975822640306967e-02,2.204097273810615154e-03,1.535501870535702432e-02,7.634361870165966941e-04,-8.031462140499271134e-04,-4.400262251149545956e-05
4.610033392906188965e+01,-1.226363841189358261e+00,-1.102062230985110025e+00,-2.370711518131292384e-02,1.431959456411807663e-03,-5.921700325732996359e-03,2.280299307352657429e-02,3.117118658045647589e-04,-1.749012696297011244e-03
4.620028376579284668e+01,-1.226136464272931548e+00,-1.104193855928110368e+00,-2.303794571106018707e-02,5.667966099776600153e-04,-2.066995919376821492e-03,2.084685363684764259e-02,8.999163569106227549e-05,-1.566991155572363369e-03
4.630037140846252441e+01,-1.223910866478082671e+00,-1.108021256485627104e+00,-2.226238001726310589e-02,-1.708915891096424167e-04,-2.157750113435526890e-02,3.739435978170711772e-02,1.091662049286697741e-03,-2.803055893653006673e-03
4.640028309822082520e+01,-1.222357203751047727e+00,-1.111183623113823904e+00,-2.199904845942210474e-02,-9.940522800957196647e-04,-1.527941656337922574e-02,3.130449816247431877e-02,7.655235195557515528e-04,-2.323045437674936802e-03
4.650031018257141113e+01,-1.218665786776166327e+00,-1.116136862784242290e+00,-2.160829309987552516e-02,-1.694071619158743491e-03,-3.701786039705515230e-02,4.962297579518958751e-02,1.899565879734907078e-03,-3.693573540447742023e-03
4.660627460479736328e+01,-1.218665786776166327e+00,-1.116136862784242290e+00,-2.160829309987552516e-02,-1.694071619158743491e-03,-3.701786039705515230e-02,4.962297579518958751e-02,1.899565879734907078e-03,-3.693573540447742023e-03
4.670047712326049805e+01,-1.250113694027632061e+00,-1.119621606574115358e+00,-2.213033516555294039e-02,-2.474475163882119966e-03,-2.164164449768821857e-02,3.466977913541575279e-02,1.069722940108121072e-03,-2.532112721140926479e-03
4.680035758018493652e+01,-1.247633413885641751e+00,-1.122908912880485666e+00,-2.224959288181281580e-02,-3.156812868670200167e-03,-2.471152307802320508e-02,3.298990948717026028e-02,1.231420905303357233e-03,-2.411158734333837279e-03
4.690030813217163086e+01,-1.246816704552306643e+00,-1.124444175327821371e+00,-2.235659384271681399e-02,-3.884753174424340760e-03,-8.488932514405989407e-03,1.568438434393776282e-02,4.030870096239936575e-04,-1.112234791634163309e-03
4.700028610229492188e+01,-1.245655208440306305e+00,-1.126160072791357880e+00,-2.266220136592023843e-02,-4.517367694012688895e-03,-1.147115856983206561e-02,1.709516811759627386e-02,5.474088365353487915e-04,-1.228184596238640928e-03
4.710039138793945312e+01,-1.246230910840868011e+00,-1.126013980350044186e+00,-2.297277468946024720e-02,-5.195991842744718259e-03,5.292161408770199200e-03,-7.565059380241709059e-04,-2.524830624211502950e-04,7.643278969425381210e-05
4.720037889480590820e+01,-1.246197041728341004e+00,-1.126204533393986296e+00,-2.359742971161971764e-02,-5.778188834873340674e-03,-1.466483689098092586e-04,2.036582344577993198e-03,2.850139004484274809e-05,-1.478729564137348405e-04
4.730021429061889648e+01,-1.248029510002097053e+00,-1.124454279764283138e+00,-2.420915255464927557e-02,-6.406619240876321175e-03,1.851627513894379615e-02,-1.736872729182649747e-02,-8.000317206871630348e-04,1.208004393803765574e-03
4.740478014945983887e+01,-1.248029510002097053e+00,-1.124454279764283138e+00,-2.420915255464927557e-02,-6.406619240876321175e-03,1.851627513894379615e-02,-1.736872729182649747e-02,-8.000317206871630348e-04,1.208004393803765574e-03
4.750041866302490234e+01,-1.248935299148516309e+00,-1.123607857961849810e+00,-2.507814319456974639e-02,-7.594858915036917235e-03,1.164870571258963018e-02,-1.115132584531409836e-02,-4.648297254021246981e-04,7.625958870088670990e-04
4.760019445419311523e+01,-1.248358538197081868e+00,-1.124089768984702475e+00,-2.550404762665191283e-02,-8.157556270824983802e-03,-5.632782611680450455e-03,4.961579906070561277e-03,2.603841564234249460e-04,-3.355531526837573922e-04
4.770017743110656738e+01,-1.248851771500090191e+00,-1.123542364541054273e+00,-2.592000745604391976e-02,-8.705156232437685770e-03,5.048709407714522916e-03,-5.354659981578937383e-03,-1.716304961042914180e-04,3.533383420020209118e-04
4.780029273033142090e+01,-1.213930134541518102e+00,-1.123940839098860556e+00,-2.500443140979728696e-02,-9.232764650256977679e-03,-8.257902975499472123e-03,3.847360350161269527e-03,3.400753941819034936e-04,-2.367796301675744038e-04
4.790063738822937012e+01,-1.213854835035409918e+00,-1.123558946850840901e+00,-2.544078030206185087e-02,-9.747196923685322312e-03,-5.973487293862503322e-04,-3.654911684477169659e-03,3.438007557860384031e-06,2.547880635216276694e-04
4.800057458877563477e+01,-1.212050012324783044e+00,-1.124638884621961710e+00,-2.579417403608957882e-02,-1.024172716596133403e-02,-1.790526900013573314e-02,1.098751435951348700e-02,7.104853099107142364e-04,-7.143909476056054973e-04
4.810043525695800781e+01,-1.211602846237548992e+00,-1.124367320122059866e+00,-2.623559616395069322e-02,-1.073427461474185662e-02,-4.310563416493278129e-03,-2.587587932749212637e-03,1.925693476382390698e-04,1.591466670186883405e-04
4.820030999183654785e+01,-1.209876836379422782e+00,-1.125153242824516564e+00,-2.660134060365819397e-02,-1.121327490366962054e-02,-1.677136029671210185e-02,7.715943143350901742e-03,5.781394507272217967e-04,-4.720059766138056181e-04
4.830019903182983398e+01,-1.209322338552588860e+00,-1.124857599278145992e+00,-2.690062753594674866e-02,-1.168528377770530757e-02,-5.420810540818134932e-03,-2.799146968374590337e-03,2.213846264171607440e-04,1.690139658276746759e-04
4.840906333923339844e+01,-1.209322338552588860e+00,-1.124857599278145992e+00,-2.690062753594674866e-02,-1.168528377770530757e-02,-5.420810540818134932e-03,-2.799146968374590337e-03,2.213846264171607440e-04,1.690139658276746759e-04
4.850013804435729980e+01,-1.207174432674918529e+00,-1.124887432562088563e+00,-2.703744071897011547e-02,-1.260638761494371762e-02,-6.917928148296172489e-03,-3.876102837976908543e-03,2.074510599571597236e-04,2.581419039057517690e-04
4.860398697853088379e+01,-1.207174432674918529e+00,-1.124887432562088563e+00,-2.703744071897011547e-02,-1.260638761494371762e-02,-6.917928148296172489e-03,-3.876102837976908543e-03,2.074510599571597236e-04,2.581419039057517690e-04
4.870037150382995605e+01,-1.207831160272132998e+00,-1.121835950059494769e+00,-2.687142037899787478e-02,-1.333135041715079183e-02,6.982611750529115098e-03,-1.852238332984472435e-02,-2.212803547670207148e-04,1.100023153056243997e-03
4.880032420158386230e+01,-1.208958888854058777e+00,-1.119431458744826857e+00,-2.678867178864279691e-02,-1.369642684537247801e-02,1.096957803685551236e-02,-2.357507671375604769e-02,-3.618484310208286295e-04,1.415428115227878496e-03
4.890032005310058594e+01,-1.210846834988856369e+00,-1.116590068223628718e+00,-2.650128320928118314e-02,-1.405994665526538734e-02,1.888361701745871341e-02,-2.832877777685329293e-02,-5.512146885652877528e-04,1.645301808767366501e-03
4.900035595893859863e+01,-1.212963285870180652e+00,-1.113820957535217371e+00,-2.625301638677118854e-02,-1.442391450545471576e-02,2.083935849549145222e-02,-2.727287120600401654e-02,-6.216288658103342806e-04,1.595559611661144126e-03
4.910155034065246582e+01,-1.212963285870180652e+00,-1.113820957535217371e+00,-2.625301638677118854e-02,-1.442391450545471576e-02,2.083935849549145222e-02,-2.727287120600401654e-02,-6.216288658103342806e-04,1.595559611661144126e-03
4.920031142234802246e+01,-1.218149369025439910e+00,-1.108270654041484615e+00,-2.572838700903095493e-02,-1.514588810756889448e-02,2.622533151038951640e-02,-2.588982912710434750e-02,-7.605481568300917700e-04,1.479672380745091073e-03
4.930038785934448242e+01,-1.220967593040659160e+00,-1.105758894010500759e+00,-2.543214388821436051e-02,-1.550004554436974075e-02,2.798478988330736772e-02,-2.499578681365962479e-02,-8.002859928678539856e-04,1.400566418701739953e-03
4.940043210983276367e+01,-1.219604860152143644e+00,-1.107845710262470362e+00,-2.501507502706135783e-02,-1.590134531501209009e-02,-1.317477450224492815e-02,2.028214873670612997e-02,3.677599572208144945e-04,-1.119488857572799095e-03
4.950039148330688477e+01,-1.220970104114905253e+00,-1.107431192111784091e+00,-2.468336164832470730e-02,-1.632272217661962649e-02,1.366341431270403847e-02,-4.032248556739148268e-03,-4.017017646289099608e-04,2.463626357215131617e-04
4.960397219657897949e+01,-1.220970104114905253e+00,-1.107431192111784091e+00,-2.468336164832470730e-02,-1.632272217661962649e-02,1.366341431270403847e-02,-4.032248556739148268e-03,-4.017017646289099608e-04,2.463626357215131617e-04
4.970031118392944336e+01,-1.219333474209607804e+00,-1.111336372799885064e+00,-2.418909939270318804e-02,-1.710832453782636098e-02,2.649123786126173462e-03,8.579974403283651893e-03,-8.626678196902275446e-05,-4.145463740475051665e-04
4.980032873153686523e+01,-1.217149506664706671e+00,-1.114721792547477053e+00,-2.398367484794755936e-02,-1.747464882700364153e-02,-2.193208500875133693e-02,3.401024610895213296e-02,5.786008460879840404e-04,-1.750433587319416649e-03
4.990047073364257812e+01,-1.216712012674356469e+00,-1.116314012216690799e+00,-2.383207986924097688e-02,-1.782401466517646860e-02,-4.334079034105737561e-03,1.599963257098120997e-02,1.052542479039094016e-04,-8.076334822567165323e-04
5.000034379959106445e+01,-1.214493020123097011e+00,-1.119682805327273822e+00,-2.362682540032101305e-02,-1.815270439997763996e-02,-2.171169833107219893e-02,3.326065922743360465e-02,5.180141382905760570e-04,-1.638901818514207701e-03
5.010029840469360352e+01,-1.213697563859182038e+00,-1.121509651198525193e+00,-2.351680476567262826e-02,-1.846563446456229995e-02,-8.014496303316414813e-03,1.844391963638786214e-02,1.824287494997881020e-04,-8.917101082416996598e-04
5.020020151138305664e+01,-1.211681950407212716e+00,-1.124457703770501915e+00,-2.336108180974992565e-02,-1.876039960523857852e-02,-1.983888831447493811e-02,2.922892374685868988e-02,4.483689804109610073e-04,-1.384715366041544419e-03
5.030067396163940430e+01,-1.247083817766892810e+00,-1.124457703770501915e+00,-2.246415364647977309e-02,-1.876039960523857852e-02,-1.858615398082009984e-02,2.922892374685868988e-02,4.145585047446427129e-04,-1.384715366041544419e-03
5.040058779716491699e+01,-1.247757758014455876e+00,-1.124759654432801126e+00,-2.089525451247080390e-02,-1.896067162467198614e-02,6.606609965915387871e-03,3.105966087273218535e-03,-1.672597785757833858e-04,-1.628637290490303632e-04
5.050030064582824707e+01,-1.247632280929144466e+00,-1.125689427144271448e+00,-1.930614982278627823e-02,-1.915423371347727000e-02,-1.620459621337892037e-03,9.590595414765649279e-03,8.176511347688466852e-06,-4.342251177757347458e-04
5.060035371780395508e+01,-1.250383411480203932e+00,-1.123660254376048773e+00,-1.777037825771524832e-02,-1.934512291510389476e-02,2.738651250955031341e-02,-2.016195493956323553e-02,-7.067554296098125599e-04,9.136781439650153809e-04
5.070036268234252930e+01,-1.251639326871470947e+00,-1.123266337361264355e+00,-1.637512432725873879e-02,-1.951463818917054810e-02,1.213936650998732360e-02,-3.637140608863129263e-03,-3.592950797440223475e-04,1.909208906656305175e-04
5.080029392242431641e+01,-1.255080260827352578e+00,-1.120688431932503670e+00,-1.503952284939984868e-02,-1.966524746221458286e-02,3.359011830865210602e-02,-2.501396623352488205e-02,-9.270773852358953765e-04,1.139818031448922367e-03
5.090032792091369629e+01,-1.257006529512227910e+00,-1.119490083983917250e+00,-1.601597826601919988e-02,-1.979586314207149728e-02,1.927559310459902447e-02,-1.177703575622432268e-02,-5.123732767310115819e-04,5.398195106531615507e-04
5.100038027763366699e+01,-1.260482298102134857e+00,-1.116831131537032507e+00,-1.675606093882001796e-02,-1.990184403190045637e-02,3.492668377672378949e-02,-2.655014551109060802e-02,-8.666672183894428162e-04,1.136404486553079657e-03
5.110043025016784668e+01,-1.262863608544010585e+00,-1.115361650970935425e+00,-1.786286679717268705e-02,-1.998111950010200699e-02,2.395513856489953075e-02,-1.459738946964258925e-02,-5.675220599384398368e-04,6.462764160830824752e-04
5.120016598701477051e+01,-1.264985747061721177e+00,-1.114305162109823444e+00,-1.895171798981202388e-02,-2.008657969464679172e-02,2.149187676798612959e-02,-1.058478900827935880e-02,-4.906872012920483099e-04,4.514446834420720971e-04
5.130037069320678711e+01,-1.230764763398692896e+00,-1.114031941541904880e+00,-1.826852841136108324e-02,-2.014047141934015989e-02,1.480925325838713773e-02,-2.910893054013853620e-03,-3.438656257344677690e-04,1.256283535068858977e-04
5.140035986900329590e+01,-1.231480761145047564e+00,-1.114219191504176809e+00,-1.956019895459518501e-02,-2.020488036882141930e-02,7.643139602745492589e-03,1.724100182001971548e-03,-1.430833324616757689e-04,-6.801823186935597562e-05
5.150056529045104980e+01,-1.231601996040128544e+00,-1.115078421475343307e+00,-2.077837498407322445e-02,-2.026071034871215759e-02,1.774364318937258827e-03,8.324100340216068067e-03,-9.696033987400293100e-06,-3.303810515338966502e-04
5.160026979446411133e+01,-1.231223980234779525e+00,-1.116318814156428640e+00,-2.194199984310565843e-02,-2.030717818453858792e-02,-3.572237463092423591e-03,1.250153156793695243e-02,6.142273694526487172e-05,-4.956530606576747171e-04
5.170039868354797363e+01,-1.230790843608200680e+00,-1.118042699353951619e+00,-2.087010623476956081e-02,-2.035454278737792305e-02,-4.620327771777712512e-03,1.736609005407620254e-02,1.248284567857822183e-04,-6.954958254116012321e-04
5.180029797554016113e+01,-1.229964052302434441e+00,-1.120028579290526016e+00,-2.005554919116235915e-02,-2.040067234490009623e-02,-8.006740901422223361e-03,1.963179304600543365e-02,1.169801528363139255e-04,-7.472626863468239409e-04
5.190019178390502930e+01,-1.228889567734020360e+00,-1.122293456125198485e+00,-1.921679862952523077e-02,-2.044543744807438002e-02,-1.094475698817805320e-02,2.274115316948625842e-02,2.133176546690389818e-04,-8.601000526729036177e-04
5.200027728080749512e+01,-1.232173221564035526e+00,-1.120159465231773233e+00,-1.792576402856637524e-02,-2.040969428681602138e-02,3.275867308400317451e-02,-2.135122952928400139e-02,-5.836477830509563969e-04,7.890562910599350534e-04
5.210025382041931152e+01,-1.232245682454415903e+00,-1.121189990394058311e+00,-1.663553761520754695e-02,-2.038662597286664685e-02,6.522066818791621935e-04,1.027396820930876441e-02,-2.805137856404589755e-05,-3.733765069379465064e-04
5.220028591156005859e+01,-1.235532908277477304e+00,-1.118911694549326930e+00,-1.560857485437030720e-02,-2.036041529356483193e-02,3.283797092222867642e-02,-2.270352246867549800e-02,-6.123804796738435479e-04,7.996446542338322191e-04
5.230088520050048828e+01,-1.236294343523119954e+00,-1.119421442549536572e+00,-1.452023014692188640e-02,-2.032820694308653392e-02,7.532040936014207377e-03,5.056166695143748079e-03,-1.678243551378723547e-04,-1.815734473058681583e-04
5.240032958984375000e+01,-1.239436189420594525e+00,-1.117524082374166339e+00,-1.379301940596461620e-02,-2.028998406352241352e-02,3.139007520901290066e-02,-1.898771235634219914e-02,-6.116612838353985412e-04,6.625553996698284841e-04
5.250032448768615723e+01,-1.240556960459735736e+00,-1.117839081159111903e+00,-1.300971209572563542e-02,-2.024133486953873240e-02,1.111148367645988129e-02,3.237607851506281702e-03,-2.145720567451993104e-04,-1.108134503093609915e-04
5.260030245780944824e+01,-1.243346649758655609e+00,-1.116433281648549380e+00,-1.261991652595511465e-02,-2.018264723675822214e-02,2.788857715111688410e-02,-1.406523570106574944e-02,-5.456117327717523386e-04,4.590332549329164866e-04
5.270067358016967773e+01,-1.244492846659123630e+00,-1.116817443565841783e+00,-1.217052256858328074e-02,-2.011103319748589607e-02,1.164059108507592769e-02,3.623771034226019178e-03,-2.473323929066396877e-04,-1.207754704066573337e-04
5.280017018318176270e+01,-1.245557307855271745e+00,-1.117349517101663192e+00,-1.195775605348661091e-02,-2.006640598820461779e-02,1.082303202854304966e-02,5.161639421331989247e-03,-2.227641735889160520e-04,-1.673903970636887132e-04
5.290032935142517090e+01,-1.245414242789085968e+00,-1.118879188701752403e+00,-1.172023444600979458e-02,-1.997157357769104025e-02,-1.111853179117859537e-03,1.500860984697855068e-02,5.847577675479915466e-06,-4.839100753034659844e-04
5.300037002563476562e+01,-1.245039970293515763e+00,-1.120647136399672172e+00,-1.173544725844069547e-02,-1.988924446521229961e-02,-3.481620693163675704e-03,1.748519864202982901e-02,5.190564720921266067e-05,-5.546193626867707092e-04
5.310051488876342773e+01,-1.243691284173455758e+00,-1.123111857117665480e+00,-1.171921986418111850e-02,-1.978738242542736614e-02,-1.351975325994244151e-02,2.479831641756072291e-02,2.431750179252766214e-04,-7.883122042781988458e-04
5.320018672943115234e+01,-1.242265143082302625e+00,-1.125661825392293869e+00,-1.171369553120743881e-02,-1.967243262483907990e-02,-1.399411481516520117e-02,2.523716321582219341e-02,2.394861380343558000e-04,-7.590669565326886407e-04
5.330032324790954590e+01,-1.240158710766890326e+00,-1.128617412304198986e+00,-1.180530200445108549e-02,-1.954202416688501087e-02,-2.063409693477829404e-02,2.916184109995609980e-02,3.358150127171439570e-04,-8.630022925590176766e-04
5.340024995803833008e+01,-1.238107463768900240e+00,-1.131421143643363880e+00,-1.220475244181482358e-02,-1.940202376825506808e-02,-2.051576987492281096e-02,2.807194078175428986e-02,3.503283619758033461e-04,-8.354519057871032757e-04
5.350048804283142090e+01,-1.235633094706871438e+00,-1.134310462416859400e+00,-1.255234682666539481e-02,-1.925116871851297040e-02,-2.472015875599613277e-02,2.910070525570000038e-02,3.888401544134893165e-04,-8.703179187224076210e-04
5.360408973693847656e+01,-1.235633094706871438e+00,-1.134310462416859400e+00,-1.255234682666539481e-02,-1.925116871851297040e-02,-2.472015875599613277e-02,2.910070525570000038e-02,3.888401544134893165e-04,-8.703179187224076210e-04
5.370037245750427246e+01,-1.274424970658006862e+00,-1.133025057634288846e+00,-1.355517232961933258e-02,-1.912612983459283794e-02,1.641557416900686975e-02,-1.217483121378000639e-02,-2.437440902804399734e-04,3.759645668276711790e-04
5.380028581619262695e+01,-1.273534325227217767e+00,-1.134064220837669446e+00,-1.370308162798428847e-02,-1.891342509324376447e-02,-8.855851467664372159e-03,1.057996851366859586e-02,1.238523661553519214e-04,-3.209668882578297060e-04
5.390032410621643066e+01,-1.275752322578814102e+00,-1.131923987216842287e+00,-1.388960831310106364e-02,-1.870719950207565263e-02,2.159761547854940553e-02,-2.077192111888622253e-02,-3.117671904567709718e-04,6.030907660901458842e-04
5.400035500526428223e+01,-1.276001873007912346e+00,-1.131832543422427451e+00,-1.399127819079025101e-02,-1.850583132477129356e-02,2.480195830169736049e-03,-8.353547487457809373e-04,-1.175433943304316189e-05,5.619309375978359000e-06
5.410028743743896484e+01,-1.278573895998374788e+00,-1.129423844817257772e+00,-1.412206181744828787e-02,-1.830974785989222114e-02,2.513039859527542441e-02,-2.337709697413416221e-02,-3.227753382181944167e-04,6.284573711837884756e-04
5.420061564445495605e+01,-1.279631786189544540e+00,-1.128619140053405578e+00,-1.422925516070361850e-02,-1.811848379526630540e-02,1.059533357124996765e-02,-7.995219887854999180e-03,-1.201314715393205488e-04,2.048565421257578375e-04
5.430030417442321777e+01,-1.282366822930049111e+00,-1.126226129691655364e+00,-1.434933925700873983e-02,-1.793712852915400544e-02,2.686952147698902157e-02,-2.342681897690516643e-02,-3.032629585687911266e-04,6.122777008924473177e-04
5.440101194381713867e+01,-1.282541103779207825e+00,-1.126535663333372295e+00,-1.428761801078125629e-02,-1.780867315132484557e-02,2.118182326166185344e-03,2.708725558529073187e-03,-2.004278121773673627e-05,-7.373752638890155859e-05
5.450038671493530273e+01,-1.246153783109478885e+00,-1.125830760692009269e+00,-1.375406172950280684e-02,-1.768591133758496206e-02,1.262710818321265659e-02,-7.029662161414611601e-03,-1.345256000101797283e-04,1.710984347314471645e-04
5.460012722015380859e+01,-1.245440981340537601e+00,-1.126878960971290589e+00,-1.369141198216345182e-02,-1.755852917013860093e-02,-7.252331622105874509e-03,1.064527712966279599e-02,9.245233415449075477e-05,-2.838510675478893774e-04
5.470044684410095215e+01,-1.245608825593316205e+00,-1.127229660420526969e+00,-1.354314228671167630e-02,-1.744003259492776792e-02,1.785405162481002936e-03,3.437344750848303401e-03,-3.185067921328696091e-05,-7.174777508161895234e-05
5.480036211013793945e+01,-1.243468913354287997e+00,-1.129692772790716448e+00,-1.336284242875573382e-02,-1.731990623960361075e-02,-2.150166465879267685e-02,2.484483631584024493e-02,2.154091025963386077e-04,-6.178275727923773775e-04
5.490037989616394043e+01,-1.242792012838696003e+00,-1.130790058032298928e+00,-1.319512492514966252e-02,-1.720472435397592953e-02,-6.733958958734613358e-03,1.091986297986868512e-02,6.155479753553416927e-05,-2.449306432640512119e-04
5.500040221214294434e+01,-1.240395881332077677e+00,-1.133396903710499837e+00,-1.299764779639557381e-02,-1.708502039793841770e-02,-2.408185407640266867e-02,2.625561715053671349e-02,2.382966479482796220e-04,-6.284607843788203151e-04
5.510037112236022949e+01,-1.239244873233072752e+00,-1.134810277191714345e+00,-1.277638701144694425e-02,-1.697036710782110283e-02,-1.154414702323183772e-02,1.420208001159144369e-02,1.011191256321581245e-04,-3.255431906163235305e-04
5.520036101341247559e+01,-1.236862004870710630e+00,-1.137232978825400531e+00,-1.254130809981755107e-02,-1.685161270769476582e-02,-2.387605157916669607e-02,2.424590220212565969e-02,2.198489507286248141e-04,-5.424977847597124746e-04
5.530059146881103516e+01,-1.236951052555607111e+00,-1.137153749876965492e+00,-1.251788103114090389e-02,-1.669208460212942557e-02,4.594459138752194261e-04,-2.371721409267077614e-04,-1.760615359352727779e-05,2.249946546096777238e-06
5.540032291412353516e+01,-1.236209395476032702e+00,-1.137666056430344019e+00,-1.245437405985747037e-02,-1.653443865689131417e-02,-7.443323851405855493e-03,5.264632568612808740e-03,7.177202403405002205e-05,-1.346796826829338542e-04
5.550031423568725586e+01,-1.238248585025609971e+00,-1.135318724565473891e+00,-1.259499228792885193e-02,-1.638611805770102958e-02,1.969178804452642248e-02,-2.264401859310328363e-02,-1.577159109046626562e-04,4.793098481353220389e-04
5.560027599334716797e+01,-1.238810106528989818e+00,-1.134592962973234531e+00,-1.269100819749651929e-02,-1.623989305486812224e-02,5.671530083811171692e-03,-7.264664325078671117e-03,-3.832037855133291839e-05,1.488442512655997979e-04
5.570032405853271484e+01,-1.241595332596307166e+00,-1.131833099103292328e+00,-1.265645552959299841e-02,-1.610049876535596391e-02,2.715269547123874000e-02,-2.685538201851646323e-02,-1.968677511878259834e-04,5.595303965913693686e-04
5.580048370361328125e+01,-1.243240214099364360e+00,-1.130359837238355647e+00,-1.262347382308681362e-02,-1.596637221945076263e-02,1.635131640851958043e-02,-1.460122485925634955e-02,-1.175249802119509494e-04,2.872111535183443027e-04
5.590028858184814453e+01,-1.245061649133215820e+00,-1.129002291300530425e+00,-1.231935681585566954e-02,-1.588437357994649732e-02,1.813785393927557638e-02,-1.351019739469437250e-02,-1.269806989295683085e-04,2.591812421796818914e-04
5.600028157234191895e+01,-1.245942347576382225e+00,-1.128427242088146487e+00,-1.203258821970948356e-02,-1.574887571423269975e-02,8.928755526658784317e-03,-5.938017629718275216e-03,-5.457293120434531485e-05,1.268674407188115599e-04
5.610054588317871094e+01,-1.246742627627290601e+00,-1.128075310338838344e+00,-1.181727831805818099e-02,-1.566942943637631910e-02,7.931223262799321633e-03,-3.477163798047049580e-03,-3.709684236602895247e-05,4.864657377366083464e-05
5.620036482810974121e+01,-1.246784034555421972e+00,-1.128387727670441931e+00,-1.158054436183382149e-02,-1.558567095748274872e-02,6.887637907150916073e-04,2.856444345080786078e-03,-1.065864263022975997e-05,-5.468537570125098240e-05
5.630032086372375488e+01,-1.246710907342285291e+00,-1.128942675072878821e+00,-1.137448021197935352e-02,-1.550009949732078854e-02,-5.008480818283445827e-04,5.330548563187141944e-03,-1.199207296537343819e-05,-9.705817824268241870e-05
5.640031170845031738e+01,-1.246077625969706171e+00,-1.129988432610851801e+00,-1.116481167569551188e-02,-1.541021451562353192e-02,-6.030149661090732777e-03,1.022174503141967672e-02,1.658377910133735611e-05,-1.817397366654976347e-04
5.650026440620422363e+01,-1.245421886468087491e+00,-1.131200516865335848e+00,-1.094761410164391859e-02,-1.531912016744334248e-02,-6.343086936414042178e-03,1.192779069774364820e-02,1.732763018384859808e-05,-2.035396308324959719e-04
5.661310291290283203e+01,-1.245421886468087491e+00,-1.131200516865335848e+00,-1.094761410164391859e-02,-1.531912016744334248e-02,-6.343086936414042178e-03,1.192779069774364820e-02,1.732763018384859808e-05,-2.035396308324959719e-04
5.670035958290100098e+01,-1.285013578068873841e+00,-1.131272415064081382e+00,-1.114961198459312949e-02,-1.518508962495890985e-02,4.174216435583899369e-03,8.656659378394208687e-04,-2.511650323015888990e-05,7.218985769918490536e-07
5.680025839805603027e+01,-1.285481284029343474e+00,-1.131389815037379343e+00,-1.106831266122036347e-02,-1.505400971251736816e-02,4.576339008735920422e-03,1.278547340743494071e-03,-2.877618721044519529e-05,-2.003294251963003142e-05
5.690036582946777344e+01,-1.286701608513748152e+00,-1.130629815592491427e+00,-1.100330258864272090e-02,-1.492331777244294139e-02,1.194946557407343402e-02,-7.264479499081264065e-03,-5.994833308621912480e-05,1.107174720456200986e-04
5.700031447410583496e+01,-1.288043753087159127e+00,-1.130241949342105423e+00,-1.065703892443714551e-02,-1.479850007096730410e-02,1.318386143486098040e-02,-3.743990245895751669e-03,-5.522646390397078250e-05,5.347907696672981779e-05
5.710036230087280273e+01,-1.290065012496216079e+00,-1.129251264129522037e+00,-1.035261117424963670e-02,-1.467404478230372247e-02,2.011687108165576346e-02,-9.892947975985610931e-03,-6.786742435529694733e-05,1.331003993974433234e-04
5.720039629936218262e+01,-1.292045200208350675e+00,-1.128598896858686196e+00,-1.013196633005517683e-02,-1.455490615230233334e-02,1.975059245156813442e-02,-6.605976735114994433e-03,-6.351484148214348903e-05,8.123941655808926399e-05
5.730050015449523926e+01,-1.294506588529740654e+00,-1.127566877221280572e+00,-9.705007072081621791e-03,-1.443675752979873064e-02,2.443246517648886562e-02,-1.012701164013029599e-02,-1.001176179334619716e-04,1.574313822634319858e-04
5.740036225318908691e+01,-1.294797256930015017e+00,-1.128993298352354735e+00,-9.289550912265482491e-03,-1.439404260337660141e-02,3.311304115435072248e-03,1.371274090842519722e-02,-2.101137782474922874e-05,-1.920515354297406597e-04
5.750046682357788086e+01,-1.256043382694594923e+00,-1.129637581025309645e+00,-8.896796544114871433e-03,-1.430309970257797464e-02,1.059255892064037662e-02,6.486106909986456143e-03,-3.400273874281206475e-05,-8.751928923169206354e-05
5.760514140129089355e+01,-1.256043382694594923e+00,-1.129637581025309645e+00,-8.896796544114871433e-03,-1.430309970257797464e-02,1.059255892064037662e-02,6.486106909986456143e-03,-3.400273874281206475e-05,-8.751928923169206354e-05
5.770041823387145996e+01,-1.254500548422456951e+00,-1.134451600854831099e+00,-8.648537486799591500e-03,-1.414346844674890628e-02,-6.581190387432814563e-04,1.563518918293742635e-02,2.890914084334941797e-06,-2.133466041777810744e-04
5.780032014846801758e+01,-1.252749303800417158e+00,-1.137812574487926609e+00,-8.388113783555348202e-03,-1.402905143103764553e-02,-1.763366942674009577e-02,3.371253085172729036e-02,5.698188397231884837e-05,-4.325826208250595868e-04
5.790036463737487793e+01,-1.252115508658349530e+00,-1.139783939688690406e+00,-8.166047586941865832e-03,-1.390802026570958465e-02,-6.331566533397983178e-03,1.977011959489667625e-02,8.407217032603214201e-06,-2.382239598249749244e-04
5.800037550926208496e+01,-1.250354880462287044e+00,-1.142895117392682236e+00,-7.702414255930407384e-03,-1.377942338706935992e-02,-1.734378323645529088e-02,3.087378487920408934e-02,4.238277847428107244e-05,-3.634020939796253256e-04
5.810048556327819824e+01,-1.249504269917213417e+00,-1.144829394972519010e+00,-7.281473076881960979e-03,-1.364431478270887975e-02,-8.603416960920311218e-03,1.949685472633923972e-02,2.761992570716098857e-05,-2.347668642778546826e-04
5.820024991035461426e+01,-1.249340532293701234e+00,-1.145927302845106022e+00,-6.920497109201295856e-03,-1.347630906627319582e-02,-1.806181477954680193e-03,1.112654004889802525e-02,-6.341398682434871006e-06,-1.104239643815930387e-04
5.830032181739807129e+01,-1.249961872565390930e+00,-1.145979085421821697e+00,-6.565434998536436029e-03,-1.330515147628528495e-02,5.852546389047875650e-03,1.019526921687938193e-03,-2.941686522334935460e-05,-1.732631689770654853e-05
5.840013718605041504e+01,-1.251146202697164478e+00,-1.145291812519775076e+00,-6.363691539709871725e-03,-1.313117146531648204e-02,1.185056902538718197e-02,-6.758821663997491465e-03,-3.494290560410362776e-05,5.453561270726332871e-05
5.850039100646972656e+01,-1.252941768227370467e+00,-1.144151645935978401e+00,-6.158706441045079701e-03,-1.295666056994919206e-02,1.747955513541256736e-02,-1.098918203704007945e-02,-6.440514926083585950e-05,1.242708968685598886e-04
5.861276221275329590e+01,-1.252941768227370467e+00,-1.144151645935978401e+00,-6.158706441045079701e-03,-1.295666056994919206e-02,1.747955513541256736e-02,-1.098918203704007945e-02,-6.440514926083585950e-05,1.242708968685598886e-04
5.871029019355773926e+01,-1.255120629446916380e+00,-1.142463492167681727e+00,-5.969467476372124042e-03,-1.277816957637835024e-02,2.141963169469646155e-02,-1.640383865724148044e-02,-7.387853024021469111e-05,1.567390551555116461e-04
5.880030775070190430e+01,-1.255255503090385805e+00,-1.143775509199989937e+00,-5.767059274272652927e-03,-1.251615340105807252e-02,-2.500216772374999619e-02,3.181205195222656240e-02,6.301374259147571181e-05,-2.890483710816204839e-04
5.890026140213012695e+01,-1.256779193626783586e+00,-1.143109421777544155e+00,-5.718781856679192033e-03,-1.234290042606323197e-02,1.506258261686496333e-02,-6.517788122225323666e-03,-4.291745112747796012e-05,6.938803046661883185e-05
5.900026679039001465e+01,-1.255701412529608652e+00,-1.144959687969074213e+00,-5.653472101430852097e-03,-1.216579914938264138e-02,-1.091813712668740673e-02,1.863338428170923863e-02,3.045066408572938150e-05,-1.774559748555745210e-04
5.910030269622802734e+01,-1.256535124886360988e+00,-1.145099641884531616e+00,-5.545243978061202388e-03,-1.199167568858994747e-02,8.353181499302173713e-03,1.403478802973687429e-03,-1.805140571187966716e-05,-2.693824225770394382e-05
5.920039296150207520e+01,-1.255697054332487017e+00,-1.146855090654879561e+00,-5.436664937172213871e-03,-1.180892165171301342e-02,-8.492473085733585544e-03,1.764012849833800425e-02,2.256798560442008900e-05,-1.583797909820375141e-04
5.930037808418273926e+01,-1.256039018320222134e+00,-1.147513729680339267e+00,-4.831097975308428980e-03,-1.162781113534052703e-02,3.314587709949109832e-03,6.624014407060360363e-03,-1.398013515686775501e-05,-5.756681980244428363e-05
5.940063405036926270e+01,-1.255299947445773334e+00,-1.149125490579341324e+00,-4.294558450411503636e-03,-1.144180643285339950e-02,-7.228343070729067489e-03,1.588137306608394458e-02,1.077157015194472058e-05,-1.142469512718401252e-04
5.950054168701171875e+01,-1.255342660388929055e+00,-1.149709829993338595e+00,-3.768302983796859799e-03,-1.125183708515374754e-02,4.030468514222101365e-04,5.989125896325689542e-03,-8.999035344838871822e-06,-5.093122690528522820e-05
5.961702466011047363e+01,-1.255342660388929055e+00,-1.149709829993338595e+00,-3.768302983796859799e-03,-1.125183708515374754e-02,4.030468514222101365e-04,5.989125896325689542e-03,-8.999035344838871822e-06,-5.093122690528522820e-05
5.970144295692443848e+01,-1.254690447637644146e+00,-1.150774192977697785e+00,-3.348264460397694462e-03,-1.105668778553504060e-02,-6.586973919723525944e-03,1.078885558893493898e-02,1.411370493431210408e-05,-9.175814650253251545e-05
5.980018043518066406e+01,-1.254142878454371557e+00,-1.151738919856309273e+00,-3.014978644406185286e-03,-1.064793860455209504e-02,-3.745497542941125628e-03,5.819806487467142457e-03,3.326926007621353162e-08,-4.609033887329072344e-05
5.990027236938476562e+01,-1.254058114617542463e+00,-1.151857225982277466e+00,-3.047933807366652766e-03,-1.043496951359057859e-02,-9.234088307683293662e-04,1.172163998297528131e-03,2.037019162247661412e-07,-8.474164900929227596e-06
6.000033807754516602e+01,-1.253885802401317529e+00,-1.152014417279632719e+00,-3.120139523926404937e-03,-1.021828547844585294e-02,-1.649776311370773282e-03,1.634436601524420730e-03,-2.336342791048623802e-06,-1.664430089081740425e-05
6.010024070739746094e+01,-1.253796191854654296e+00,-1.151932398876099883e+00,-3.201813774380535792e-03,-9.999627907011169811e-03,-9.178357798512493159e-04,-7.428395229637605335e-04,-6.613972056102068289e-07,-4.876847522043655081e-07
6.020030641555786133e+01,-1.295704950051390636e+00,-1.151932398876099883e+00,-3.447316614234128152e-03,-9.999627907011169811e-03,-4.292516595608767809e-05,-7.428395229637605335e-04,-7.306956011537860284e-06,-4.876847522043655081e-07
6.031125450134277344e+01,-1.295704950051390636e+00,-1.151932398876099883e+00,-3.447316614234128152e-03,-9.999627907011169811e-03,-4.292516595608767809e-05,-7.428395229637605335e-04,-7.306956011537860284e-06,-4.876847522043655081e-07
6.040035986900329590e+01,-1.298515871277223344e+00,-1.148994100679903818e+00,-4.031796694235397285e-03,-9.608136678960918498e-03,1.537228002035821370e-02,-1.550408705257189795e-02,-1.415478476595481968e-05,9.155919581165680135e-05
6.050023865699768066e+01,-1.301077139322315501e+00,-1.146507466196944103e+00,-4.294232825787740529e-03,-9.375692821552636391e-03,2.509266948541400213e-02,-2.438700234410591874e-02,-2.681857121616463267e-05,1.483238509322363586e-04
6.060767984390258789e+01,-1.301077139322315501e+00,-1.146507466196944103e+00,-4.294232825787740529e-03,-9.375692821552636391e-03,2.509266948541400213e-02,-2.438700234410591874e-02,-2.681857121616463267e-05,1.483238509322363586e-04
6.070018839836120605e+01,-1.307320398628864178e+00,-1.141127510388458166e+00,-4.255153372842732616e-03,-8.930815100250618505e-03,3.446845254497406252e-02,-2.944902295782633739e-02,-2.423879812393431036e-05,1.476057699109762072e-04
6.080025768280029297e+01,-1.310576147407735093e+00,-1.138428801737273011e+00,-4.006216216863572183e-03,-8.718890329329801250e-03,3.236323599643606969e-02,-2.685798854899342988e-02,-3.779224632914285407e-05,1.360133508929767168e-04
6.090031766891479492e+01,-1.314215087027470030e+00,-1.135569517659395844e+00,-3.786345194805245708e-03,-8.516600106074499049e-03,3.638154533918105255e-02,-2.862986606511070883e-02,-3.426676192701813491e-05,1.481299417110916656e-04
6.100030970573425293e+01,-1.314244950026599579e+00,-1.136672949689808698e+00,-3.321652142685358779e-03,-8.431767899995511878e-03,8.868977976107144442e-04,1.041294510318119086e-02,-5.251734161325839794e-06,-4.638476114803591105e-05
6.110017561912536621e+01,-1.273850655376716379e+00,-1.135953246072901379e+00,-3.176317392506376909e-03,-8.246049375526233460e-03,2.049538354892154260e-02,-7.245724600785122434e-03,-3.110582287999514266e-05,4.135515372935029410e-05
6.120039224624633789e+01,-1.274376895220340034e+00,-1.136960161041593587e+00,-2.763721925899274151e-03,-8.067278048395970166e-03,5.191852191091031292e-03,1.004023315058736113e-02,-7.673365338091811097e-06,-5.932293453640377374e-05
6.130017614364624023e+01,-1.275057422203923929e+00,-1.137636311013459967e+00,-2.529002658698528260e-03,-7.890893867357418046e-03,6.730432381764438372e-03,6.780418191088868549e-03,-1.370941600151864876e-05,-3.208642606752826117e-05
6.140050005912780762e+01,-1.275596100908487962e+00,-1.138499514704293780e+00,-2.278678585399142049e-03,-7.715099337548239795e-03,5.596008405533355566e-03,8.422367686601870893e-03,-1.485978310749730007e-05,-3.110371971381006406e-05
6.150038599967956543e+01,-1.276219009354098377e+00,-1.139187409993897004e+00,-2.038780106760300272e-03,-7.538319563122411471e-03,6.359301081672235310e-03,6.779766860901948258e-03,-1.655616686332659108e-05,-3.370334437780632712e-05
6.161049818992614746e+01,-1.276219009354098377e+00,-1.139187409993897004e+00,-2.038780106760300272e-03,-7.538319563122411471e-03,6.359301081672235310e-03,6.779766860901948258e-03,-1.655616686332659108e-05,-3.370334437780632712e-05
6.170034551620483398e+01,-1.277952204698982186e+00,-1.140391263377110054e+00,-1.561260871140296696e-03,-7.187448757773403848e-03,8.874928947951785455e-03,5.138640217500723036e-03,-2.534548903171447861e-05,-1.649752813986856762e-05
6.180028533935546875e+01,-1.279306166426521729e+00,-1.140493618145281829e+00,-1.398441795164052492e-03,-7.006413010637606645e-03,1.356112198549900422e-02,1.037616291528352559e-03,-2.753352918867636121e-05,-1.432689404886708603e-05
6.190029859542846680e+01,-1.280765667936968555e+00,-1.140460044647872317e+00,-1.793835539757172685e-03,-6.826057934334679028e-03,1.458221338549671973e-02,-3.152418267252034452e-04,-2.719503176348669730e-05,5.196612350684668218e-06
6.200033140182495117e+01,-1.282563388526460679e+00,-1.140486466959169887e+00,-2.120888353419871954e-03,-6.649569303859341474e-03,1.792939608195968232e-02,2.091541398280619406e-04,-2.193112622987418642e-05,-1.240721192403468688e-05
6.210022068023681641e+01,-1.284281810310453187e+00,-1.140447952631285622e+00,-2.452084058617960520e-03,-6.474209226757662861e-03,1.713160736755793903e-02,-3.398334520459595810e-04,-1.620573581599038450e-05,-4.294333106275339214e-06
6.220030212402343750e+01,-1.286258986078390176e+00,-1.140501336918340325e+00,-2.777490961603471410e-03,-6.304699453276331814e-03,1.974427279762524384e-02,5.252012284902980678e-04,-1.809908912683065536e-05,-7.637820196843822640e-06
6.230043768882751465e+01,-1.288274029294589340e+00,-1.140562897785466268e+00,-3.097861597075635826e-03,-6.140067538158869818e-03,2.009058599926136224e-02,6.121410888669893621e-04,-4.911348737178367318e-07,-7.374965984561908071e-06
6.240037298202514648e+01,-1.290455016621513851e+00,-1.140747331936606157e+00,-3.229027652685406355e-03,-5.983538341138434392e-03,2.181886760696909525e-02,1.803345335296438002e-03,-2.900566688143703893e-06,-1.526153147649831769e-05
6.250036835670471191e+01,-1.292021059842961117e+00,-1.141390350469488668e+00,-2.923930134807209164e-03,-5.845932112931767968e-03,1.575232988152104607e-02,6.273830298246419954e-03,4.794947650066743957e-07,-1.808114547152709237e-05
6.260942387580871582e+01,-1.292021059842961117e+00,-1.141390350469488668e+00,-2.923930134807209164e-03,-5.845932112931767968e-03,1.575232988152104607e-02,6.273830298246419954e-03,4.794947650066743957e-07,-1.808114547152709237e-05
6.270035791397094727e+01,-1.295439566387728059e+00,-1.142753532415083262e+00,-2.291774872208336266e-03,-5.591200787289798621e-03,1.767757132042986970e-02,6.196657188690155027e-03,-1.172160823108453689e-05,-2.704726987268739284e-05
6.280039119720458984e+01,-1.297292574803919907e+00,-1.143054106502010780e+00,-1.924516085898929927e-03,-5.468979357198583760e-03,1.845479814456553458e-02,2.994964766379220201e-03,-1.723825322407644591e-05,-8.908948728640626367e-06
6.290658259391784668e+01,-1.297292574803919907e+00,-1.143054106502010780e+00,-1.924516085898929927e-03,-5.468979357198583760e-03,1.845479814456553458e-02,2.994964766379220201e-03,-1.723825322407644591e-05,-8.908948728640626367e-06
6.300030827522277832e+01,-1.301252975709865645e+00,-1.143217512475151132e+00,-1.196341290346045888e-03,-5.228294253029062630e-03,2.019030917091367908e-02,8.991659309565701622e-05,-3.374740230432464710e-05,-3.739751506976316245e-06
6.310023212432861328e+01,-1.303296662231294478e+00,-1.143217439513819489e+00,-1.052328352695136278e-03,-5.108054722685783505e-03,2.044030788653803873e-02,7.090891430515122186e-05,-2.551399010844537682e-05,-7.248583767653414371e-06
6.320031285285949707e+01,-1.305426580528499247e+00,-1.143217530151342531e+00,-8.877295225599827772e-04,-4.987283013497156858e-03,2.130266866050046712e-02,2.373549266533302792e-05,-2.885558796224747642e-05,-7.369611692843245211e-06
6.330036807060241699e+01,-1.307699338331021588e+00,-1.143218001092481062e+00,-6.377118892502736842e-04,-4.865746687403509768e-03,2.267400325002633457e-02,-8.933730010657969187e-06,-4.327863926519254049e-05,4.000531445152869645e-06
6.340034484863281250e+01,-1.310058698548789646e+00,-1.143218763795704529e+00,-4.089976118196248303e-04,-4.743306979580962437e-03,2.359589295526679995e-02,4.060403084807517887e-05,-4.288708290375782436e-05,-5.475582096682294349e-06
6.350075674057006836e+01,-1.310058698548789646e+00,-1.143218763795704529e+00,-4.089976118196248303e-04,-4.743306979580962437e-03,2.359589295526679995e-02,4.060403084807517887e-05,-4.288708290375782436e-05,-5.475582096682294349e-06
6.361426639556884766e+01,-1.312488378164636815e+00,-1.143219314810700382e+00,-2.915957002639119229e-04,-4.619600232218160248e-03,2.425465545961925581e-02,-4.977553848034497827e-06,-4.662196667413733643e-05,-6.495474574912031917e-06
6.370017290115356445e+01,-1.317635076125215132e+00,-1.143219655002473800e+00,-7.263392859477996177e-04,-4.368481606528647199e-03,2.622696641297143222e-02,5.818382549398895099e-07,-3.677028801957488716e-05,-1.791243092266657973e-07
6.380049180984497070e+01,-1.320351648506338460e+00,-1.143220097645017752e+00,-1.204882696960921703e-03,-4.240881952221846676e-03,2.712389704665734216e-02,-2.949319939072383504e-06,-2.616345736975844022e-05,-4.936901311761213581e-06
6.390038585662841797e+01,-1.365234134276162692e+00,-1.143220097645017752e+00,-1.539675709116630547e-03,-4.240881952221846676e-03,2.874702490513853306e-02,-2.949319939072383504e-06,-1.605632490390604587e-05,-4.936901311761213581e-06
6.400037550926208496e+01,-1.368204445368429667e+00,-1.143220754489937097e+00,-1.856829425584533488e-03,-4.114093594011013211e-03,2.970793828879400578e-02,1.179371947432278771e-05,-1.612630794028461798e-05,1.738053231181724351e-06
6.410036158561706543e+01,-1.371141287456102420e+00,-1.143221284552974559e+00,-1.697288737713428244e-03,-3.990495727102174629e-03,2.931502963947161047e-02,7.795537763324082456e-06,-7.299357513111948408e-06,2.788482348715820648e-07
6.420028543472290039e+01,-1.374166049688433588e+00,-1.143221648470300833e+00,-1.588029548407109354e-03,-3.871840146502133866e-03,3.021809798702482577e-02,-5.413840887373569831e-06,-1.047676078947742775e-05,-5.890767415528047599e-06
6.430021023750305176e+01,-1.377175678113947033e+00,-1.143221937338124272e+00,-1.687695528934431534e-03,-3.759220187061541787e-03,3.010629232472439992e-02,7.937390368704303042e-06,-1.481377395013351621e-05,-4.628265751573759972e-06
6.440038013458251953e+01,-1.380273360201004884e+00,-1.143222200698285951e+00,-1.748727244487364866e-03,-3.652685775463704668e-03,3.092908059860600967e-02,-5.774320067115249822e-06,-8.705809201032994012e-06,-3.354549967405422068e-06
6.450042200088500977e+01,-1.383519306358423240e+00,-1.143222472892587493e+00,-1.674309319672200296e-03,-3.551392760386807342e-03,3.239721993739570760e-02,2.250575228356701483e-07,-9.893230601164333641e-06,2.221869700668126513e-06
6.462542867660522461e+01,-1.383519306358423240e+00,-1.143222472892587493e+00,-1.674309319672200296e-03,-3.551392760386807342e-03,3.239721993739570760e-02,2.250575228356701483e-07,-9.893230601164333641e-06,2.221869700668126513e-06
6.470360922813415527e+01,-1.386923348227121489e+00,-1.143222782157299111e+00,-1.648274334704361802e-03,-3.455017973973305984e-03,3.404059945186816566e-02,1.696589540548304321e-05,-1.203484592072856785e-05,-4.077305864244590086e-06
6.480030632019042969e+01,-1.393820988247741033e+00,-1.143223426729286007e+00,-1.586972518528516861e-03,-3.276785009816729401e-03,3.487457080327649450e-02,1.413478537053665005e-07,-8.711493595993754406e-06,1.557209665928733412e-06
6.490018939971923828e+01,-1.397403219373756666e+00,-1.143223712086316901e+00,-1.549823138553713944e-03,-3.199739736433916508e-03,3.576725914971769921e-02,-1.369010341665413063e-05,-7.043590945151677630e-06,-4.624661492434894270e-06
6.500016117095947266e+01,-1.401212521261156585e+00,-1.143223828501728878e+00,-1.110490161023911220e-03,-3.125685278440891446e-03,3.810510505282763832e-02,8.265706066310654515e-06,-2.001469623688758919e-05,-5.186018650888942952e-06
6.510030031204223633e+01,-1.405014600081293086e+00,-1.143223853182602223e+00,-9.884832775521985252e-04,-3.054315389939363072e-03,3.797013070495790232e-02,-6.319004084563064274e-06,-2.199488365347417412e-05,-4.247264373035261363e-06
6.520024991035461426e+01,-1.363014706351910688e+00,-1.143224044768327285e+00,-9.421871592182593826e-04,-2.984903869443913255e-03,3.797207174979808780e-02,-9.580307440815740460e-06,-2.412431694445100189e-05,-2.483800606866451304e-06
6.530038881301879883e+01,-1.367001517270918454e+00,-1.143224362458586496e+00,-7.692240141029338743e-04,-2.916298282107842622e-03,3.978342320762313922e-02,1.784008654017789584e-07,-3.058378882896484408e-05,1.495774157256492056e-06
6.540037012100219727e+01,-1.371078522497336971e+00,-1.143224575113591213e+00,-6.000176453393516168e-04,-2.848049496615273277e-03,4.068446472429362165e-02,-5.536304176543332405e-06,-3.398767577256875432e-05,-3.798268376141668982e-06
6.551770639419555664e+01,-1.371078522497336971e+00,-1.143224575113591213e+00,-6.000176453393516168e-04,-2.848049496615273277e-03,4.068446472429362165e-02,-5.536304176543332405e-06,-3.398767577256875432e-05,-3.798268376141668982e-06
6.560012745857238770e+01,-1.379461139656156465e+00,-1.143224818664722697e+00,-2.096955581433045546e-04,-2.710924236445741431e-03,4.306427893911980720e-02,1.792265368530775245e-05,-4.419154943659707403e-05,-2.879618997352649159e-06
6.570034527778625488e+01,-1.383785523302519138e+00,-1.143225079690262547e+00,-2.245107895186883046e-04,-2.641332708460109296e-03,4.320039579833557380e-02,1.071280750740979578e-05,-4.583521802339553833e-05,-2.587551170511599974e-06
6.580045747756958008e+01,-1.388201016782689479e+00,-1.143225298791816114e+00,-2.111014848598788060e-04,-2.570840422265075788e-03,4.410963715054985745e-02,-2.581480722294739438e-06,-4.505789113587051176e-05,-4.113515391019610627e-06
6.591735982894897461e+01,-1.388201016782689479e+00,-1.143225298791816114e+00,-2.111014848598788060e-04,-2.570840422265075788e-03,4.410963715054985745e-02,-2.581480722294739438e-06,-4.505789113587051176e-05,-4.113515391019610627e-06
6.600030207633972168e+01,-1.397338910275649937e+00,-1.143225587445832359e+00,-9.275722952351494674e-05,-2.428537480794679820e-03,4.624243548844529650e-02,1.943396969088191179e-06,-4.859383799416652419e-05,3.108359616065774086e-10
6.610028457641601562e+01,-1.402061382975585468e+00,-1.143225900361550806e+00,1.407098912278685610e-08,-2.356590169723840871e-03,4.715147413578933688e-02,-5.894126391398428784e-06,-5.247778292582012851e-05,-3.061900684521411679e-06
6.620030045509338379e+01,-1.406835862328191133e+00,-1.143226116224111522e+00,-3.030071168198204129e-05,-2.284964423488494711e-03,4.768268930607617168e-02,5.331703677150897035e-06,-5.141805423526027967e-05,-3.746533186955034666e-06
6.630030703544616699e+01,-1.411702133500542633e+00,-1.143226185678009266e+00,-4.375831847102653813e-05,-2.213545014030408268e-03,4.859668921742848341e-02,-5.453329256634704005e-06,-5.277238370588865218e-05,1.049225243601747063e-06
6.640040087699890137e+01,-1.416579717471212696e+00,-1.143226382528655494e+00,1.034399412315781643e-03,-2.142361804464849081e-03,4.872686682420710597e-02,-2.965145555784274974e-06,-9.458623900834149830e-05,-3.035158336714394179e-06
6.650037264823913574e+01,-1.421548481393522634e+00,-1.143226670602873307e+00,1.963440399378123345e-03,-2.071789739964573652e-03,4.965573841963819013e-02,4.118806443270977733e-06,-1.337266834790740914e-04,-3.524991067156599472e-06
6.660040044784545898e+01,-1.426567320852004883e+00,-1.143226853818667843e+00,2.846733249293490961e-03,-2.000484957480196547e-03,5.020854815719116848e-02,-7.589080883395773715e-06,-1.614188096584783969e-04,-2.952310622760698562e-06
6.670035529136657715e+01,-1.431678159722339361e+00,-1.143227024101407086e+00,3.737913842414191182e-03,-1.925389000446815334e-03,5.108348141467422554e-02,7.310136568342597922e-06,-2.184900365759831042e-04,5.346589031995124058e-07
6.680028104782104492e+01,-1.437004604252217543e+00,-1.143227294825218898e+00,4.082324924113758628e-03,-1.843864355682251627e-03,5.318061879722927460e-02,-2.340481363423290447e-06,-2.461960542061126470e-04,-2.762501467484785062e-06
6.690031814575195312e+01,-1.442423906334441952e+00,-1.143227559365729507e+00,4.468963531904681166e-03,-1.741152819918675857e-03,5.422064729423044238e-02,-3.055410351207714466e-06,-2.449626350738460406e-04,-2.800522902061773668e-06
6.700036716461181641e+01,-1.447891764002610548e+00,-1.143227886918181779e+00,4.599356474549773366e-03,-1.629961951481903549e-03,5.463037393002295045e-02,-6.928185435199954627e-06,-2.758930161852677352e-04,-2.574925004691082083e-06
6.710037422180175781e+01,-1.453452766755921832e+00,-1.143228263842447578e+00,4.735662979810465259e-03,-1.510906755482684018e-03,5.556901963464990629e-02,2.504307901149523410e-06,-2.888414753056478350e-04,1.052245451181302934e-07
6.720037817955017090e+01,-1.458901388926345799e+00,-1.143228534026343723e+00,5.611637549174409989e-03,-1.384789548952957295e-03,5.451836098658793817e-02,-4.316435775277778100e-08,-3.093703274011260678e-04,1.197892701076528996e-07
6.730028843879699707e+01,-1.464442906472471551e+00,-1.143228869890645871e+00,6.379630101137980652e-03,-1.251995200610367181e-03,5.541975068562752377e-02,3.633016595371282009e-06,-3.679706284219734372e-04,2.626688104371624723e-07
6.740028953552246094e+01,-1.470164329277931614e+00,-1.143229245687297002e+00,5.784200065958755577e-03,-1.111475814596550376e-03,5.715205209263179986e-02,3.558724674714067251e-06,-3.571335151412427977e-04,-4.087985312282325135e-06
6.750036716461181641e+01,-1.475979117066959612e+00,-1.143229691342988463e+00,5.354264090017412867e-03,-9.641197990504707990e-04,5.813537554867543450e-02,1.140651014413831320e-05,-3.402088542477582438e-04,-2.003967155161058412e-06
6.760034847259521484e+01,-1.481852419266584064e+00,-1.143230049145448790e+00,4.692401617070452585e-03,-8.131675489753693430e-04,5.865439245828676929e-02,7.854448147225739343e-06,-3.284707188015697837e-04,-1.794107927817227513e-06
6.770012402534484863e+01,-1.487819486299068794e+00,-1.143230316782031020e+00,4.023882392756402381e-03,-6.615709519240098833e-04,5.959740038493872849e-02,-4.399262656475920305e-06,-3.059886469788284605e-04,-1.578633528000378287e-06
6.780036306381225586e+01,-1.535686062608486502e+00,-1.143230316782031020e+00,4.501914483776765265e-03,-6.615709519240098833e-04,5.867485324388563295e-02,-4.399262656475920305e-06,-3.252550188825291009e-04,-1.578633528000378287e-06
6.790027976036071777e+01,-1.541647145504510208e+00,-1.143230611642797490e+00,4.710191488281560007e-03,-5.257848684222282860e-04,5.958283656468337658e-02,8.624755898135889385e-06,-3.381391097537435244e-04,-2.400163389061519134e-06
6.800038838386535645e+01,-1.547784887562958067e+00,-1.143230987047812786e+00,3.585086163907426175e-03,-3.908367319875706916e-04,6.130028128372421586e-02,9.041145886664136871e-06,-3.095703812226444952e-04,-1.797245332940473636e-06
6.810039067268371582e+01,-1.554017044405168635e+00,-1.143231229858567399e+00,2.652742994747156642e-03,-2.582641496537887299e-04,6.229653543289142420e-02,7.349649347951780720e-06,-2.801210682676739407e-04,-4.237704948078503699e-06
6.820032262802124023e+01,-1.560358044105682795e+00,-1.143231451606235627e+00,1.739002440919871703e-03,-1.278939120594006773e-04,6.340198076443154251e-02,1.372997244760047219e-05,-2.564418699406149265e-04,-1.086960888542861648e-06
6.830044651031494141e+01,-1.566793188447523022e+00,-1.143231740869125712e+00,7.976054138433014834e-04,-6.242519737481404263e-07,6.428436725990709089e-02,2.585480729745167003e-05,-2.056802333051701280e-04,-4.157342726214246156e-06
6.840029764175415039e+01,-1.573145416984609968e+00,-1.143231947421897265e+00,1.023657096224054631e-03,1.202732333135656841e-04,6.349268479293904144e-02,1.145940097005125169e-06,-2.172578592391490667e-04,-8.192007273553388118e-07
6.850014328956604004e+01,-1.579592726903648492e+00,-1.143232098051118140e+00,1.133126050906910556e-03,2.320868134841739573e-04,6.448349062120264930e-02,-3.354088266077814584e-06,-2.427248799138566099e-04,-3.445615795192038362e-06
6.860029983520507812e+01,-1.586333380694761042e+00,-1.143232294609567212e+00,-2.236326056742014151e-05,3.325026750065607738e-04,6.741199851296929280e-02,1.823699129715025743e-06,-2.058931466267448327e-04,-9.499436358014219292e-09
6.870025610923767090e+01,-1.593073981472752365e+00,-1.143232443434481826e+00,-9.848800285282184597e-04,4.209558894381947372e-04,6.736326530012400060e-02,2.809442612103238640e-06,-1.560784830420073861e-04,-6.727000932488457349e-07
6.880023217201232910e+01,-1.599993747164132563e+00,-1.143232535427213481e+00,-1.579269694889461409e-03,5.008467211421955417e-04,6.914202006534297951e-02,-4.140949973321767846e-06,-1.292540621547427575e-04,-3.066110456132735976e-06
6.890212607383728027e+01,-1.607008830070742356e+00,-1.143232654993832753e+00,-2.238971051664453288e-03,5.668969684756997029e-04,7.007655818488497945e-02,1.597834353821269012e-05,-9.463365637124790809e-05,-3.081615214107564911e-06
6.900033497810363770e+01,-1.565008712176116923e+00,-1.143232808375178156e+00,-2.195536633102716621e-03,6.181503371803808745e-04,7.007181314290036878e-02,2.141943947116680365e-05,-9.494116367437613357e-05,-2.807429343390781018e-06
6.910027647018432617e+01,-1.571842386742370534e+00,-1.143232821212637695e+00,-1.759279461316096745e-03,6.544951680857113117e-04,6.832590903012254746e-02,-4.697227578580781253e-06,-1.350281116676033957e-04,-2.913809576388889304e-07
6.920033144950866699e+01,-1.578771525914824059e+00,-1.143232808875201956e+00,-1.421580084816108976e-03,6.771136629756531293e-04,6.928572727992501901e-02,1.529534349887618013e-06,-1.482942482054294762e-04,-1.593122136253132706e-06
6.930037784576416016e+01,-1.586018668320237301e+00,-1.143232904206266332e+00,-2.108869901168334161e-03,6.887668093426635788e-04,7.249764572408112784e-02,-1.090921940081350627e-05,-1.182855059077685822e-04,-1.673766866068611838e-06
6.940029120445251465e+01,-1.593362923765759609e+00,-1.143233038734416729e+00,-2.634511152421751840e-03,6.907361405710812051e-04,7.336172868743136288e-02,-2.241871288169893750e-06,-8.878343170627941484e-05,1.356459343632793232e-07
6.950032687187194824e+01,-1.600833815845431385e+00,-1.143232984389551898e+00,-3.117903965754141582e-04,6.825966473507217962e-04,7.459194535814346605e-02,-9.173730756425544814e-07,-2.078404941340416970e-04,1.385587559409214952e-07
6.960043430328369141e+01,-1.608398269097228717e+00,-1.143232919584938889e+00,1.623924128638902162e-03,6.675008996641501602e-04,7.566988788066600358e-02,8.098741051374604562e-06,-3.041142960355737901e-04,-6.836028596547464113e-07
6.970033001899719238e+01,-1.616167527355867550e+00,-1.143232982758387140e+00,3.773725102853810014e-03,6.525028677430455039e-04,7.763196154753201905e-02,-1.520049812572966029e-06,-4.459953994013712711e-04,-4.206968600857754731e-07
6.980044722557067871e+01,-1.624179411993814215e+00,-1.143232994101480049e+00,5.279076663592617222e-03,6.365066514729669431e-04,8.003603064194393657e-02,2.300646801392160042e-06,-5.477593180095962884e-04,-2.024085829140089957e-07
6.990867209434509277e+01,-1.624179411993814215e+00,-1.143232994101480049e+00,5.279076663592617222e-03,6.365066514729669431e-04,8.003603064194393657e-02,2.300646801392160042e-06,-5.477593180095962884e-04,-2.024085829140089957e-07
7.000013375282287598e+01,-1.640297123631479170e+00,-1.143232978785093668e+00,8.359463058916735342e-03,6.295394931609384417e-04,8.107242486675972359e-02,-3.062669523393128748e-06,-7.342264320917703908e-04,-1.053982109579682528e-07
7.010028028488159180e+01,-1.648501113391921624e+00,-1.143233018236237131e+00,9.824423673847344773e-03,6.463312295692078165e-04,8.204728575249158051e-02,-2.832112008419983815e-06,-8.285222997044387229e-04,3.875850321553437478e-07
7.020029664039611816e+01,-1.656784136002785068e+00,-1.143232988974450137e+00,9.997595532593814283e-03,6.798107952574235918e-04,8.277699468260681093e-02,-4.745997600059540212e-06,-8.532922428914254667e-04,-1.091536779608310615e-07
7.030031156539916992e+01,-1.665291045370470124e+00,-1.143233052497370839e+00,9.258415352790136388e-03,7.318449023814561742e-04,8.492466846424839844e-02,-6.797681312912712009e-06,-8.458695650102258500e-04,-1.070245368902072695e-06
7.040030813217163086e+01,-1.673797289677339872e+00,-1.143233165177178323e+00,8.619582539754595818e-03,8.022663149646479426e-04,8.496067819658864595e-02,3.860591891827613293e-06,-8.080776256179333624e-04,-9.065951448667513373e-07
7.050028133392333984e+01,-1.682400760678842921e+00,-1.143233217980873739e+00,7.421340068644514780e-03,8.878570499794001016e-04,8.593038306844286156e-02,1.990177651154789712e-05,-7.535423109139666132e-04,6.961202702769312174e-07
7.060519909858703613e+01,-1.682400760678842921e+00,-1.143233217980873739e+00,7.421340068644514780e-03,8.878570499794001016e-04,8.593038306844286156e-02,1.990177651154789712e-05,-7.535423109139666132e-04,6.961202702769312174e-07
7.070031380653381348e+01,-1.699217334066073670e+00,-1.143233269812171660e+00,5.319803929313479153e-03,1.086189682206328312e-03,8.451876812035165332e-02,4.251685878786554060e-06,-6.359364802041826562e-04,-3.211220408648079495e-06
7.080037426948547363e+01,-1.707773849369089936e+00,-1.143233327016458301e+00,4.261220259115643463e-03,1.204380977188090982e-03,8.551090419115335572e-02,5.583694966189988809e-06,-5.955612362459578946e-04,-2.376713484608933935e-06
7.090047669410705566e+01,-1.716798539749685215e+00,-1.143233410617188639e+00,5.551228703269191211e-03,1.315292757088926297e-03,9.013618231485474863e-02,-5.456670785083374300e-06,-7.161639328990629253e-04,1.304923515934836866e-06
7.100854420661926270e+01,-1.716798539749685215e+00,-1.143233410617188639e+00,5.551228703269191211e-03,1.315292757088926297e-03,9.013618231485474863e-02,-5.456670785083374300e-06,-7.161639328990629253e-04,1.304923515934836866e-06
7.110027003288269043e+01,-1.735535328084659712e+00,-1.143233394743452092e+00,5.359190623621609001e-03,1.518468500849238633e-03,9.610032029689050126e-02,2.945406816496151613e-06,-7.800025990338956385e-04,1.719463831720694800e-06
7.120032072067260742e+01,-1.745246319833569038e+00,-1.143233379014436002e+00,4.464276471257334900e-03,1.614099585994491996e-03,9.692735467427783524e-02,-2.925116513827899142e-06,-7.448249821553358432e-04,-3.448915434791410837e-06
7.130036997795104980e+01,-1.754728045438280315e+00,-1.143233396681074154e+00,4.339063085795629923e-03,1.703072075273844369e-03,9.476903856918846014e-02,9.692816187269999515e-06,-7.246252242982075117e-04,-2.788698925027957906e-06
7.140019583702087402e+01,-1.764310317134620831e+00,-1.143233330580698981e+00,4.077169075891383734e-03,1.784089234971216950e-03,9.581994232659740707e-02,-4.422995841842335615e-06,-7.346018230088250268e-04,1.981282304619779682e-06
7.150027108192443848e+01,-1.774064447404255729e+00,-1.143233307627192108e+00,3.164285148453155339e-03,1.857341731894077662e-03,9.745453739249877734e-02,-9.403817431404896029e-06,-6.880688694259256893e-04,-2.998511572807058722e-06
7.160033798217773438e+01,-1.783919071069662188e+00,-1.143233312676280811e+00,2.377044374949012842e-03,1.922150038758054999e-03,9.847682944026037166e-02,1.431659396557994047e-06,-6.611973698276342069e-04,1.422719731751000005e-06
7.170031023025512695e+01,-1.794025246318123878e+00,-1.143233192002085508e+00,3.003078091963396271e-03,1.977180892194158220e-03,1.009842501580386354e-01,-1.387190224516155132e-06,-7.196657909986836285e-04,-4.633952069715634951e-06
7.180032253265380859e+01,-1.804232852843586254e+00,-1.143233125689973928e+00,3.463118513412688504e-03,2.022900549862058448e-03,1.020940379660646713e-01,-1.251779151390382054e-08,-7.678237318062391395e-04,-2.197162662237835612e-06
7.190028476715087891e+01,-1.801272097186184862e+00,-1.143233124480619978e+00,4.850085605786294898e-03,2.061484136435550070e-03,-3.322637984241474246e-02,9.468499794709582320e-06,2.793833393958825104e-04,-1.855155539292025846e-06
7.200021982192993164e+01,-1.807885456286075776e+00,-1.143233039878382540e+00,6.151345956999398901e-03,2.093121580554535739e-03,6.730475617081652095e-02,3.592878531087578641e-06,-6.330004046777711014e-04,-3.685707829276041738e-06
7.210028648376464844e+01,-1.820424120441803684e+00,-1.143232976675995438e+00,3.447372349993569479e-03,2.123603944163330367e-03,1.243864610156956985e-01,1.214998953086602137e-05,-9.908818419903308531e-04,-1.348637726487106143e-06
7.220018863677978516e+01,-1.833069272704112240e+00,-1.143232927020503942e+00,1.399092461759060893e-03,2.154260598181286044e-03,1.258536795437789901e-01,-6.667203859583392680e-07,-8.430289802185893548e-04,1.615777325870620768e-06
7.230046224594116211e+01,-1.845730479498578047e+00,-1.143232869665334883e+00,-1.389024323391612956e-03,2.172251918282355580e-03,1.259910627777732217e-01,-2.264309762193349790e-06,-6.265128524379764020e-04,4.162111998321963721e-07
7.240025091171264648e+01,-1.900494412602863337e+00,-1.143232869665334883e+00,-4.229161621620776065e-03,2.172251918282355580e-03,1.272955963198242335e-01,-2.264309762193349790e-06,-4.226244882730289133e-04,4.162111998321963721e-07
7.250031757354736328e+01,-1.913616712360179495e+00,-1.143232770711136936e+00,-4.412578046392641798e-03,2.185129816072762382e-03,1.310027178949102755e-01,-1.273335773377559018e-06,-4.238497938474241711e-04,-1.277182479177872576e-06
7.260034751892089844e+01,-1.926945588868130610e+00,-1.143232685506849977e+00,-4.728637903176773766e-03,2.187332842368884880e-03,1.333009865959095819e-01,-1.866836183346053964e-06,-4.126241858681427613e-04,2.144161830888118252e-06
7.270034289360046387e+01,-1.940278895415137539e+00,-1.143232698982237672e+00,-4.998784427980081969e-03,2.173462729736533490e-03,1.336130720546545303e-01,-1.121713416653810329e-05,-3.951930134013579405e-04,-7.250629088600528720e-07
7.280033230781555176e+01,-1.953720230678409386e+00,-1.143232665857433661e+00,-5.194564047255852482e-03,2.141868251202772022e-03,1.344037114751369388e-01,4.385797796062847784e-06,-4.000292906683566136e-04,-7.067831586745420734e-08
7.290039277076721191e+01,-1.967740894743552849e+00,-1.143232564024889708e+00,-2.354598599186821101e-03,2.094418448864831389e-03,1.401012980207611280e-01,1.334152244637251194e-05,-6.197716345767851883e-04,2.317579919274441800e-06
7.300034904479980469e+01,-1.982101091733813547e+00,-1.143232534249327248e+00,2.658843287091093230e-03,2.033007631059543033e-03,1.435613532631107303e-01,2.083061602981964297e-06,-1.004593183474420358e-03,-1.608140977222192620e-06
7.310031104087829590e+01,-1.996550685390857449e+00,-1.143232523614088558e+00,7.403982957890386726e-03,1.959317057903843529e-03,1.445114438369143883e-01,1.790207235797696735e-07,-1.395766968353442895e-03,-8.337756974866945440e-07
7.320024847984313965e+01,-2.011099401331752468e+00,-1.143232554440529736e+00,1.223023027911367827e-02,1.877772934284228749e-03,1.454896289555643596e-01,1.697788999245811842e-05,-1.793599384954732909e-03,1.439634195546719538e-06
7.330030035972595215e+01,-2.025994776669645336e+00,-1.143232460323392763e+00,1.952150747712531886e-02,1.808006926917658103e-03,1.492005058895150005e-01,1.121542119620815711e-05,-2.435812627460398616e-03,1.644675944768797475e-06
7.340022516250610352e+01,-2.040981514348462866e+00,-1.143232367590078846e+00,2.646650120875662648e-02,1.759650362196295281e-03,1.504544375749428120e-01,4.377953067942482925e-06,-3.025346770268364221e-03,1.743555997440961185e-06
7.350020837783813477e+01,-2.056099607949547270e+00,-1.143232375949720714e+00,3.482868506812071552e-02,1.742378649897563005e-03,1.523889500820610754e-01,5.831800467521895865e-06,-3.759369760232419803e-03,1.540583570706623923e-06
7.360017085075378418e+01,-2.071301166713302777e+00,-1.143232373867609120e+00,4.297542702623508015e-02,1.767005577575930103e-03,1.537238597106862226e-01,-3.438718816371148943e-06,-4.479338742184175472e-03,1.035320486783291440e-06
7.370029640197753906e+01,-2.029311320062940016e+00,-1.143232263849987440e+00,4.204195568687722762e-02,1.843071749628590918e-03,1.537177121820769432e-01,-4.218155390977360692e-06,-4.480051184594866821e-03,1.926574454473091813e-06
7.380032062530517578e+01,-2.044882506975027159e+00,-1.143232142420530062e+00,5.242875803072894608e-02,1.979912170638258202e-03,1.581336857731128198e-01,-2.641228205235984168e-06,-5.353924807640026394e-03,-3.093221586836293459e-06
7.390036344528198242e+01,-2.060517199319150450e+00,-1.143232028973284686e+00,6.241423353625268761e-02,2.187306963679800861e-03,1.591311052883654098e-01,2.379637224049841517e-06,-6.281278609071356232e-03,1.843537119511633186e-06
7.400029802322387695e+01,-2.076662974840040032e+00,-1.143231682541273830e+00,7.685508876546454093e-02,2.474512771673551340e-03,1.660873541446988011e-01,8.144384467333315921e-06,-8.200325105327631661e-03,2.808061135333052509e-06
7.410016942024230957e+01,-2.092839057892731613e+00,-1.143231239067404648e+00,9.065800254606382058e-02,2.853705231569383244e-03,1.671918132851027972e-01,5.006468750238531871e-06,-9.485035553056169605e-03,-5.317902434555426273e-06
7.420028853416442871e+01,-2.106067344910136363e+00,-1.143230504679306536e+00,9.810980300128406550e-02,3.337180665710933782e-03,1.529664219274438908e-01,7.126197013521527209e-06,-1.045040827064921268e-02,-1.124517771874002493e-05
7.431709074974060059e+01,-2.106067344910136363e+00,-1.143230504679306536e+00,9.810980300128406550e-02,3.337180665710933782e-03,1.529664219274438908e-01,7.126197013521527209e-06,-1.045040827064921268e-02,-1.124517771874002493e-05
7.440013241767883301e+01,-2.140770925605842034e+00,-1.143227312325318046e+00,1.283758291268542739e-01,4.608580904689824932e-03,1.821737145844620209e-01,1.923012618235984947e-05,-1.355889234882627810e-02,-1.785105051008012964e-05
7.450039243698120117e+01,-2.158000091880579951e+00,-1.143225217400008153e+00,1.535152715356531972e-01,5.194889080224642311e-03,1.868515840930607685e-01,7.225530205868705012e-06,-1.702708275293956380e-02,-1.085069434658799647e-06
7.460892081260681152e+01,-2.158000091880579951e+00,-1.143225217400008153e+00,1.535152715356531972e-01,5.194889080224642311e-03,1.868515840930607685e-01,7.225530205868705012e-06,-1.702708275293956380e-02,-1.085069434658799647e-06
7.470030713081359863e+01,-2.144635867088076964e+00,-1.143217923630004185e+00,2.046286122315651157e-01,6.792177051995352405e-03,-3.922276080461790659e-01,2.859732859054155341e-05,5.911911615303549333e-02,-1.799710348329985142e-05
7.480034804344177246e+01,-2.101779342922814653e+00,-1.143211889779675916e+00,2.178462295774050428e-01,7.850625676979191420e-03,-3.840753249559690774e-01,2.545103286821676181e-05,5.773141795033046725e-02,-2.877109737731167152e-05
7.490018844604492188e+01,-2.059894710740908685e+00,-1.143205066986807905e+00,2.189539670340953093e-01,8.839159474683288414e-03,-3.276017952971190250e-01,9.922660043100588436e-06,4.170850866693789905e-02,8.245793768299160335e-06
7.500019264221191406e+01,-2.018654691280608482e+00,-1.143197951499627996e+00,2.142293316199528341e-01,9.720493136078679763e-03,-3.483977727644484434e-01,1.635348796402705525e-05,4.471251772147174369e-02,-3.675783584937419857e-05
7.510035705566406250e+01,-1.980411230143506396e+00,-1.143190806751202881e+00,2.060825533384381125e-01,1.049545037266857647e-02,-3.562777813437104091e-01,1.078251127771269504e-05,4.495360026820520438e-02,-3.879486548061084576e-05
7.520033144950866699e+01,-1.949729765757765909e+00,-1.143183769552512219e+00,1.923347198999519891e-01,1.116583597867884525e-02,-3.394202770442282802e-01,1.442837025439382510e-05,4.223710659753127789e-02,-6.225994086520998232e-06
7.530025291442871094e+01,-1.936866770531104009e+00,-1.143177532940119034e+00,1.873121313910601216e-01,1.167730364133388356e-02,3.666592320380668291e-01,3.066511857161336900e-05,-3.092891602346666338e-02,-2.515467685302736139e-05
7.540023708343505859e+01,-1.956298790163170986e+00,-1.143170585644882831e+00,1.969353408838680486e-01,1.222503489112097656e-02,1.899092012799802887e-01,-5.066284007215043240e-06,-2.672242215516221209e-02,-2.840442925473074371e-05
7.550026106834411621e+01,-1.973406450322937822e+00,-1.143160162890968667e+00,2.227966528583202321e-01,1.307950889494844532e-02,1.037455107848067326e-01,2.467752220002556568e-05,-8.064728866113850259e-02,-2.389762112944342302e-05
7.560012912750244141e+01,-1.979972560830410178e+00,-1.143145505995230904e+00,2.412517464893805808e-01,1.422343104689351677e-02,-4.992505263398755444e-02,1.530189173699007105e-05,-5.266165398463788089e-02,-3.910863087399190768e-05
7.570029592514038086e+01,-1.944438540730355713e+00,-1.143126984050379713e+00,2.571887649108061114e-01,1.554717062628749313e-02,-4.020124246969253301e-01,3.790676784411150765e-05,6.246919223215586375e-02,-3.242785190635275261e-05
7.580028891563415527e+01,-1.900669997390620924e+00,-1.143109391405441988e+00,2.769980054766853494e-01,1.662153356016609143e-02,-4.014114920244872819e-01,8.632396000645138861e-06,6.683961072941607684e-02,1.037362173126041883e-05
7.590028238296508789e+01,-1.855843584038106897e+00,-1.143093333670236245e+00,3.011204516575778367e-01,1.748037338293660647e-02,-4.008753881056301149e-01,8.202402745242836431e-06,7.236647891011127598e-02,-4.078790869088635854e-05
7.600029015541076660e+01,-1.808995951062018159e+00,-1.143079337520410910e+00,3.284023129440272193e-01,1.813252862305843663e-02,-4.187380435092429298e-01,-5.229348881748819293e-06,8.391637671411771027e-02,-3.920934848820747194e-05
7.610035133361816406e+01,-1.761445537163111030e+00,-1.143067772741123589e+00,3.504439868524238388e-01,1.856993244182997965e-02,-4.173641621155427250e-01,-1.370105202832270689e-06,9.197014433092082220e-02,-5.205773188352727992e-05
7.620028376579284668e+01,-1.714751352838571385e+00,-1.143058939925913453e+00,3.657598827863638991e-01,1.880522471717609861e-02,-4.161908533006394295e-01,4.996443600125732626e-06,9.885097469392453706e-02,-4.773607122456355138e-05
7.630030417442321777e+01,-1.669155723101653832e+00,-1.143052568062872698e+00,3.743432872256785560e-01,1.887282927144316030e-02,-4.153826347026693955e-01,8.318734245920385257e-06,1.043871068279806913e-01,-4.249177752107536601e-05
7.640027666091918945e+01,-1.625482895664805305e+00,-1.143048144733174842e+00,3.783282083391983353e-01,1.880296028714068673e-02,-3.968591127103848759e-01,9.666807603333404109e-06,1.028228732228086556e-01,-1.809149988612662987e-05
7.650029683113098145e+01,-1.581493306482362859e+00,-1.143045211877823819e+00,3.862234454005445405e-01,1.863959881559658013e-02,-3.964919206529910478e-01,-1.167855909587991121e-06,1.061083971313528662e-01,-1.606449811259484924e-05
7.660026097297668457e+01,-1.536107229331366009e+00,-1.143043453782937036e+00,3.986556273285080110e-01,1.840385515935074462e-02,-3.957870813426552226e-01,-2.406244208574769026e-07,1.107029883614463056e-01,-1.191025272040334157e-05
7.670018100738525391e+01,-1.489243081097259003e+00,-1.143042744955378165e+00,4.150698676048666935e-01,1.809664779487324404e-02,-3.946169370670987164e-01,5.859836317978364262e-08,1.167058711780556285e-01,-2.175800721551294061e-05
7.680030298233032227e+01,-1.440390784070411323e+00,-1.143043218610078959e+00,4.307182971894077950e-01,1.771890483960444906e-02,-4.106110919873411924e-01,1.313773410940936846e-06,1.309471655921848887e-01,1.835402512757738439e-05
7.690040111541748047e+01,-1.392695286740750049e+00,-1.143045189378842030e+00,4.398101993031696133e-01,1.723740933016944255e-02,-4.087007380946250379e-01,-7.107141123126776576e-06,1.383372551185926835e-01,1.570342520311175024e-06
7.700031232833862305e+01,-1.346474111080883329e+00,-1.143048323186123705e+00,4.430851681730428870e-01,1.666544292548683900e-02,-4.070661925454485131e-01,1.355666079936161694e-05,1.441971795768934028e-01,6.884221348155094299e-06
7.710037565231323242e+01,-1.302051932466075312e+00,-1.143052460060207220e+00,4.416076951548840168e-01,1.602215100667609554e-02,-3.886590019855972189e-01,-5.816003783741385649e-06,1.417963595297639101e-01,1.937414398333138271e-05
7.720024323463439941e+01,-1.258504468960227385e+00,-1.143057105065173662e+00,4.411711412240663654e-01,1.533766869910103622e-02,-3.879764979945650172e-01,-1.228539856481380598e-05,1.448750926451466692e-01,1.220071415683130103e-05
7.730034136772155762e+01,-1.213854170819020251e+00,-1.143061464108532599e+00,4.433502563108967509e-01,1.465880885695491562e-02,-3.866888794152884001e-01,-2.144434324788646032e-05,1.489838771116227256e-01,1.628842483541509799e-05
7.740030837059020996e+01,-1.173161327062156145e+00,-1.143065764205990487e+00,4.456207804990534593e-01,1.397773888052401131e-02,-2.147990600377481518e-01,-9.508840205754882924e-06,8.674300880335519826e-02,1.588926652442995707e-05
7.750016832351684570e+01,-1.145267381339910351e+00,-1.143067367406911616e+00,4.535556240939675465e-01,1.355007720425532164e-02,-1.961256314192072192e-01,1.675034009748623464e-06,8.439325591986644726e-02,1.595821207618273140e-05
7.760016870498657227e+01,-1.120889229863152536e+00,-1.142694727325555437e+00,4.663094470536515157e-01,1.392741824373500484e-02,-1.460222102676136113e-01,-3.499704115909230747e-03,6.597815158393929846e-02,1.068216078244500051e-04
7.770048308372497559e+01,-1.098328399089958385e+00,-1.141472397854266907e+00,4.759470810352849357e-01,1.311333316318478645e-02,-1.361866987392630901e-01,-1.187706137462948841e-02,6.594381936060328409e-02,3.669733731065119250e-04
7.780849218368530273e+01,-1.098328399089958385e+00,-1.141472397854266907e+00,4.759470810352849357e-01,1.311333316318478645e-02,-1.361866987392630901e-01,-1.187706137462948841e-02,6.594381936060328409e-02,3.669733731065119250e-04
7.790770077705383301e+01,-1.084503575281685839e+00,-1.138887986201639668e+00,4.851818564415060209e-01,1.464779695239726287e-02,-5.637533525053419620e-02,-2.499251419749492706e-02,2.844646197275382815e-02,8.283180633857083371e-04
7.800031352043151855e+01,-1.094076109549195097e+00,-1.135129925343257629e+00,5.165449058907242152e-01,1.712159055345064199e-02,-4.191904330517366023e-02,-3.658712116430996170e-02,2.479554505724430521e-02,1.295893901762233246e-03
7.810046410560607910e+01,-1.091689208687657953e+00,-1.130182063448107677e+00,5.266440633381884728e-01,2.082682549339230291e-02,5.311448213191008461e-02,-4.902473928455464147e-02,-3.292110006386445714e-02,1.948955094007092954e-03
7.820025277137756348e+01,-1.100002325033012207e+00,-1.124519549058237144e+00,5.389951424426180360e-01,2.573302646381614434e-02,1.626686412071204624e-01,-5.587096470248455876e-02,-6.470896471551325357e-02,2.509895006650498996e-03
7.830036950111389160e+01,-1.113400632670477286e+00,-1.117911863494867708e+00,5.691697879971915341e-01,3.169202645691725218e-02,2.391358127226377861e-01,-6.434483100404057854e-02,-1.823806234589463171e-01,3.229602368166870508e-03
7.840022850036621094e+01,-1.109067656576371963e+00,-1.111106971713759162e+00,6.136622031308627268e-01,3.908852512225073628e-02,-7.967532625427571624e-02,-6.538733437764521206e-02,-1.171773136222289263e-01,3.799676354317455245e-03
7.850030112266540527e+01,-1.098743836337456870e+00,-1.104304653843426021e+00,6.559974027189522383e-01,4.814521339074960549e-02,-1.637017378607183715e-01,-6.381554197134915729e-02,5.722960028431692964e-02,4.195377243067541055e-03
7.860051870346069336e+01,-1.070190911568879688e+00,-1.098453041725257817e+00,6.938032019591595656e-01,5.795313673013727240e-02,-8.103035176624841240e-02,-5.317746308688348772e-02,5.616194789487054945e-02,4.144381375084736641e-03
7.870493054389953613e+01,-1.070190911568879688e+00,-1.098453041725257817e+00,6.938032019591595656e-01,5.795313673013727240e-02,-8.103035176624841240e-02,-5.317746308688348772e-02,5.616194789487054945e-02,4.144381375084736641e-03
7.880028843879699707e+01,-9.795514553923806433e-01,-1.094079131079018108e+00,7.484046673666518990e-01,7.005418820901801458e-02,-1.842601169414893048e-01,-8.297445560549419896e-03,2.612283198814951413e-01,-2.634163231525390569e-04
7.890167617797851562e+01,-9.795514553923806433e-01,-1.094079131079018108e+00,7.484046673666518990e-01,7.005418820901801458e-02,-1.842601169414893048e-01,-8.297445560549419896e-03,2.612283198814951413e-01,-2.634163231525390569e-04
7.900034880638122559e+01,-9.060511199584913022e-01,-1.094650239228659228e+00,7.410454075282659758e-01,8.423018609920850108e-02,-1.753148979466630786e-01,7.087160519038733335e-03,2.402907843988291714e-01,-1.104081617653136348e-03
7.910017418861389160e+01,-8.622715094344369779e-01,-1.094137448174556049e+00,7.574448779185215530e-01,9.382966488577590414e-02,-1.751382341580957624e-01,4.395299721763105960e-03,2.595329922247285870e-01,-1.003235772510796759e-03
7.920048952102661133e+01,-8.230380182734166050e-01,-1.093635096762859416e+00,7.752609152315840246e-01,1.008191236893865445e-01,-2.057931934998248891e-01,1.961783708743699076e-03,1.580534457481366228e-01,-1.860950845044231255e-04
7.930046463012695312e+01,-7.859720841408007752e-01,-1.094015551295854261e+00,7.956207124213521276e-01,1.075635343540485567e-01,-2.251768315650726215e-01,1.176674142522648146e-02,1.129641423678724027e-01,-1.992891968816691475e-03
7.940028667449951172e+01,-7.663710150581310998e-01,-1.092316258692430431e+00,8.163231550898208955e-01,1.121632535864103830e-01,2.003085953024592580e-01,-1.015867660953197887e-02,-2.912242031355682936e-01,1.186674900469496252e-03
7.950027608871459961e+01,-7.871205203275776219e-01,-1.091226969804351077e+00,8.142362734894142973e-01,1.172702680417311571e-01,2.131146274116645090e-01,-3.565297687061798337e-03,-3.833403994277074789e-01,2.395338964506025506e-04
7.960012960433959961e+01,-8.249757978222538313e-01,-1.088352283439670387e+00,8.066697684981081196e-01,1.256693100938982011e-01,2.027578879267162293e-01,-1.781069286812007532e-02,-3.718299255234979173e-01,2.942856512317998992e-03
7.970041108131408691e+01,-8.607840886828799221e-01,-1.085844812016355299e+00,8.006791484176708495e-01,1.405417755536209623e-01,1.906187342467941803e-01,-4.524388126621313976e-03,-3.657043531325744334e-01,7.936855386476851862e-04
7.980028653144836426e+01,-8.984537349866079659e-01,-1.082357235623226055e+00,7.946045398652165082e-01,1.582381057206727615e-01,1.857539339423587288e-01,-7.368218711332766291e-03,-3.748175355870050907e-01,1.284361721634652348e-03
7.990031552314758301e+01,-9.363508072796071779e-01,-1.078485928542288308e+00,7.896425075415923756e-01,1.747648969208803749e-01,1.798353256906540243e-01,-9.409873162571571678e-03,-3.816653837932187376e-01,1.646941659631827749e-03
8.000029206275939941e+01,-9.749004254901154631e-01,-1.074629405127314197e+00,7.841719733936463044e-01,1.929222024858094631e-01,1.708943886930141542e-01,-3.526060550609587570e-03,-3.828778542389170148e-01,7.789509322278665576e-04
8.010054874420166016e+01,-1.013834171504045534e+00,-1.070362900415265273e+00,7.780323088759006911e-01,2.144714990975346847e-01,1.614381508490937700e-01,3.197299074011447379e-03,-3.792498223920977574e-01,-1.328172429419674592e-03
8.020033335685729980e+01,-1.052343406953456961e+00,-1.068073287077609512e+00,7.716391893986966899e-01,2.311623808528303625e-01,1.523324909316101650e-01,1.656885323776434091e-02,-3.728017336559956152e-01,-6.775052070500813678e-03
8.030037379264831543e+01,-1.089820428219810067e+00,-1.067301067176053220e+00,7.639466701332197074e-01,2.487142858784964217e-01,1.552529161766193766e-01,1.020494854364925597e-02,-3.772860383875867862e-01,-1.503825828017222796e-02
8.040033149719238281e+01,-1.112390044814198564e+00,-1.065662219475397743e+00,7.597637171398482492e-01,2.744941266532971436e-01,9.170405713263206360e-02,4.859350594303304960e-02,-2.100620083643948699e-01,-1.926233646004444494e-02
